id,node_id,name,full_name,private,owner.login,owner.id,owner.node_id,owner.avatar_url,owner.gravatar_id,owner.url,owner.html_url,owner.followers_url,owner.following_url,owner.gists_url,owner.starred_url,owner.subscriptions_url,owner.organizations_url,owner.repos_url,owner.events_url,owner.received_events_url,owner.type,owner.site_admin,html_url,description,fork,url,forks_url,keys_url,collaborators_url,teams_url,hooks_url,issue_events_url,events_url,assignees_url,branches_url,tags_url,blobs_url,git_tags_url,git_refs_url,trees_url,statuses_url,languages_url,stargazers_url,contributors_url,subscribers_url,subscription_url,commits_url,git_commits_url,comments_url,issue_comment_url,contents_url,compare_url,merges_url,archive_url,downloads_url,issues_url,pulls_url,milestones_url,notifications_url,labels_url,releases_url,deployments_url,created_at,updated_at,pushed_at,git_url,ssh_url,clone_url,svn_url,homepage,size,stargazers_count,watchers_count,language,has_issues,has_projects,has_downloads,has_wiki,has_pages,forks_count,mirror_url,archived,disabled,open_issues_count,license.key,license.name,license.spdx_id,license.url,license.node_id,forks,open_issues,watchers,default_branch,license
114829503,MDEwOlJlcG9zaXRvcnkxMTQ4Mjk1MDM=,remark42,umputun/remark42,false,umputun,535880,MDQ6VXNlcjUzNTg4MA==,https://avatars0.githubusercontent.com/u/535880?v=4,,https://api.github.com/users/umputun,https://github.com/umputun,https://api.github.com/users/umputun/followers,https://api.github.com/users/umputun/following{/other_user},https://api.github.com/users/umputun/gists{/gist_id},https://api.github.com/users/umputun/starred{/owner}{/repo},https://api.github.com/users/umputun/subscriptions,https://api.github.com/users/umputun/orgs,https://api.github.com/users/umputun/repos,https://api.github.com/users/umputun/events{/privacy},https://api.github.com/users/umputun/received_events,User,false,https://github.com/umputun/remark42,comment engine,false,https://api.github.com/repos/umputun/remark42,https://api.github.com/repos/umputun/remark42/forks,https://api.github.com/repos/umputun/remark42/keys{/key_id},https://api.github.com/repos/umputun/remark42/collaborators{/collaborator},https://api.github.com/repos/umputun/remark42/teams,https://api.github.com/repos/umputun/remark42/hooks,https://api.github.com/repos/umputun/remark42/issues/events{/number},https://api.github.com/repos/umputun/remark42/events,https://api.github.com/repos/umputun/remark42/assignees{/user},https://api.github.com/repos/umputun/remark42/branches{/branch},https://api.github.com/repos/umputun/remark42/tags,https://api.github.com/repos/umputun/remark42/git/blobs{/sha},https://api.github.com/repos/umputun/remark42/git/tags{/sha},https://api.github.com/repos/umputun/remark42/git/refs{/sha},https://api.github.com/repos/umputun/remark42/git/trees{/sha},https://api.github.com/repos/umputun/remark42/statuses/{sha},https://api.github.com/repos/umputun/remark42/languages,https://api.github.com/repos/umputun/remark42/stargazers,https://api.github.com/repos/umputun/remark42/contributors,https://api.github.com/repos/umputun/remark42/subscribers,https://api.github.com/repos/umputun/remark42/subscription,https://api.github.com/repos/umputun/remark42/commits{/sha},https://api.github.com/repos/umputun/remark42/git/commits{/sha},https://api.github.com/repos/umputun/remark42/comments{/number},https://api.github.com/repos/umputun/remark42/issues/comments{/number},https://api.github.com/repos/umputun/remark42/contents/{+path},https://api.github.com/repos/umputun/remark42/compare/{base}...{head},https://api.github.com/repos/umputun/remark42/merges,https://api.github.com/repos/umputun/remark42/{archive_format}{/ref},https://api.github.com/repos/umputun/remark42/downloads,https://api.github.com/repos/umputun/remark42/issues{/number},https://api.github.com/repos/umputun/remark42/pulls{/number},https://api.github.com/repos/umputun/remark42/milestones{/number},"https://api.github.com/repos/umputun/remark42/notifications{?since,all,participating}",https://api.github.com/repos/umputun/remark42/labels{/name},https://api.github.com/repos/umputun/remark42/releases{/id},https://api.github.com/repos/umputun/remark42/deployments,2017-12-20T01:42:35Z,2020-07-29T04:00:18Z,2020-07-27T21:59:26Z,git://github.com/umputun/remark42.git,git@github.com:umputun/remark42.git,https://github.com/umputun/remark42.git,https://github.com/umputun/remark42,https://remark42.com,13969,2132,2132,Go,true,true,true,true,false,179,null,false,false,62,mit,MIT License,MIT,https://api.github.com/licenses/mit,MDc6TGljZW5zZTEz,179,62,2132,master,"{""key"":""mit"",""name"":""MIT License"",""spdx_id"":""MIT"",""url"":""https://api.github.com/licenses/mit"",""node_id"":""MDc6TGljZW5zZTEz""}"
46629305,MDEwOlJlcG9zaXRvcnk0NjYyOTMwNQ==,hacker-scripts,NARKOZ/hacker-scripts,false,NARKOZ,253398,MDQ6VXNlcjI1MzM5OA==,https://avatars2.githubusercontent.com/u/253398?v=4,,https://api.github.com/users/NARKOZ,https://github.com/NARKOZ,https://api.github.com/users/NARKOZ/followers,https://api.github.com/users/NARKOZ/following{/other_user},https://api.github.com/users/NARKOZ/gists{/gist_id},https://api.github.com/users/NARKOZ/starred{/owner}{/repo},https://api.github.com/users/NARKOZ/subscriptions,https://api.github.com/users/NARKOZ/orgs,https://api.github.com/users/NARKOZ/repos,https://api.github.com/users/NARKOZ/events{/privacy},https://api.github.com/users/NARKOZ/received_events,User,false,https://github.com/NARKOZ/hacker-scripts,Based on a true story,false,https://api.github.com/repos/NARKOZ/hacker-scripts,https://api.github.com/repos/NARKOZ/hacker-scripts/forks,https://api.github.com/repos/NARKOZ/hacker-scripts/keys{/key_id},https://api.github.com/repos/NARKOZ/hacker-scripts/collaborators{/collaborator},https://api.github.com/repos/NARKOZ/hacker-scripts/teams,https://api.github.com/repos/NARKOZ/hacker-scripts/hooks,https://api.github.com/repos/NARKOZ/hacker-scripts/issues/events{/number},https://api.github.com/repos/NARKOZ/hacker-scripts/events,https://api.github.com/repos/NARKOZ/hacker-scripts/assignees{/user},https://api.github.com/repos/NARKOZ/hacker-scripts/branches{/branch},https://api.github.com/repos/NARKOZ/hacker-scripts/tags,https://api.github.com/repos/NARKOZ/hacker-scripts/git/blobs{/sha},https://api.github.com/repos/NARKOZ/hacker-scripts/git/tags{/sha},https://api.github.com/repos/NARKOZ/hacker-scripts/git/refs{/sha},https://api.github.com/repos/NARKOZ/hacker-scripts/git/trees{/sha},https://api.github.com/repos/NARKOZ/hacker-scripts/statuses/{sha},https://api.github.com/repos/NARKOZ/hacker-scripts/languages,https://api.github.com/repos/NARKOZ/hacker-scripts/stargazers,https://api.github.com/repos/NARKOZ/hacker-scripts/contributors,https://api.github.com/repos/NARKOZ/hacker-scripts/subscribers,https://api.github.com/repos/NARKOZ/hacker-scripts/subscription,https://api.github.com/repos/NARKOZ/hacker-scripts/commits{/sha},https://api.github.com/repos/NARKOZ/hacker-scripts/git/commits{/sha},https://api.github.com/repos/NARKOZ/hacker-scripts/comments{/number},https://api.github.com/repos/NARKOZ/hacker-scripts/issues/comments{/number},https://api.github.com/repos/NARKOZ/hacker-scripts/contents/{+path},https://api.github.com/repos/NARKOZ/hacker-scripts/compare/{base}...{head},https://api.github.com/repos/NARKOZ/hacker-scripts/merges,https://api.github.com/repos/NARKOZ/hacker-scripts/{archive_format}{/ref},https://api.github.com/repos/NARKOZ/hacker-scripts/downloads,https://api.github.com/repos/NARKOZ/hacker-scripts/issues{/number},https://api.github.com/repos/NARKOZ/hacker-scripts/pulls{/number},https://api.github.com/repos/NARKOZ/hacker-scripts/milestones{/number},"https://api.github.com/repos/NARKOZ/hacker-scripts/notifications{?since,all,participating}",https://api.github.com/repos/NARKOZ/hacker-scripts/labels{/name},https://api.github.com/repos/NARKOZ/hacker-scripts/releases{/id},https://api.github.com/repos/NARKOZ/hacker-scripts/deployments,2015-11-21T19:05:09Z,2020-07-29T04:01:34Z,2020-07-28T20:48:22Z,git://github.com/NARKOZ/hacker-scripts.git,git@github.com:NARKOZ/hacker-scripts.git,https://github.com/NARKOZ/hacker-scripts.git,https://github.com/NARKOZ/hacker-scripts,,98,39135,39135,JavaScript,true,false,true,false,false,6314,null,false,false,61,null,null,null,null,null,6314,61,39135,master,null
267775629,MDEwOlJlcG9zaXRvcnkyNjc3NzU2Mjk=,hello-algorithm,geekxh/hello-algorithm,false,geekxh,64886238,MDQ6VXNlcjY0ODg2MjM4,https://avatars3.githubusercontent.com/u/64886238?v=4,,https://api.github.com/users/geekxh,https://github.com/geekxh,https://api.github.com/users/geekxh/followers,https://api.github.com/users/geekxh/following{/other_user},https://api.github.com/users/geekxh/gists{/gist_id},https://api.github.com/users/geekxh/starred{/owner}{/repo},https://api.github.com/users/geekxh/subscriptions,https://api.github.com/users/geekxh/orgs,https://api.github.com/users/geekxh/repos,https://api.github.com/users/geekxh/events{/privacy},https://api.github.com/users/geekxh/received_events,User,false,https://github.com/geekxh/hello-algorithm,üôàüôâüôä Êú¨È°πÁõÆÂåÖÊã¨Ôºö1„ÄÅÊàëÂÜôÁöÑ‰∏âÂçÅ‰∏áÂ≠óÂõæËß£ÁÆóÊ≥ïÈ¢òÂÖ∏  2„ÄÅ100 Âº† IT Áõ∏ÂÖ≥Ë∂ÖÊ∏ÖÊÄùÁª¥ÂØºÂõæ  3„ÄÅ100 ÁØáÂ§ßÂéÇÈù¢ÁªèÊ±áÊÄª  4„ÄÅÂêÑËØ≠Ë®ÄÁºñÁ®ãÁîµÂ≠ê‰π¶ 100 Êú¨  5„ÄÅEnglish version supported !!!  üöÄüöÄ ÂõΩ‰∫∫È°πÁõÆ‰∏äÊ¶úÈ¶ñ‰∏çÊòìÔºåÂè≥‰∏äËßíÂä©Âäõ‰∏ÄÊ≥¢ÔºÅÂπ≤Â∞±ÂØπ‰∫ÜÔºåÂ••Âà©Áªô ÔºÅüöÄüöÄ,false,https://api.github.com/repos/geekxh/hello-algorithm,https://api.github.com/repos/geekxh/hello-algorithm/forks,https://api.github.com/repos/geekxh/hello-algorithm/keys{/key_id},https://api.github.com/repos/geekxh/hello-algorithm/collaborators{/collaborator},https://api.github.com/repos/geekxh/hello-algorithm/teams,https://api.github.com/repos/geekxh/hello-algorithm/hooks,https://api.github.com/repos/geekxh/hello-algorithm/issues/events{/number},https://api.github.com/repos/geekxh/hello-algorithm/events,https://api.github.com/repos/geekxh/hello-algorithm/assignees{/user},https://api.github.com/repos/geekxh/hello-algorithm/branches{/branch},https://api.github.com/repos/geekxh/hello-algorithm/tags,https://api.github.com/repos/geekxh/hello-algorithm/git/blobs{/sha},https://api.github.com/repos/geekxh/hello-algorithm/git/tags{/sha},https://api.github.com/repos/geekxh/hello-algorithm/git/refs{/sha},https://api.github.com/repos/geekxh/hello-algorithm/git/trees{/sha},https://api.github.com/repos/geekxh/hello-algorithm/statuses/{sha},https://api.github.com/repos/geekxh/hello-algorithm/languages,https://api.github.com/repos/geekxh/hello-algorithm/stargazers,https://api.github.com/repos/geekxh/hello-algorithm/contributors,https://api.github.com/repos/geekxh/hello-algorithm/subscribers,https://api.github.com/repos/geekxh/hello-algorithm/subscription,https://api.github.com/repos/geekxh/hello-algorithm/commits{/sha},https://api.github.com/repos/geekxh/hello-algorithm/git/commits{/sha},https://api.github.com/repos/geekxh/hello-algorithm/comments{/number},https://api.github.com/repos/geekxh/hello-algorithm/issues/comments{/number},https://api.github.com/repos/geekxh/hello-algorithm/contents/{+path},https://api.github.com/repos/geekxh/hello-algorithm/compare/{base}...{head},https://api.github.com/repos/geekxh/hello-algorithm/merges,https://api.github.com/repos/geekxh/hello-algorithm/{archive_format}{/ref},https://api.github.com/repos/geekxh/hello-algorithm/downloads,https://api.github.com/repos/geekxh/hello-algorithm/issues{/number},https://api.github.com/repos/geekxh/hello-algorithm/pulls{/number},https://api.github.com/repos/geekxh/hello-algorithm/milestones{/number},"https://api.github.com/repos/geekxh/hello-algorithm/notifications{?since,all,participating}",https://api.github.com/repos/geekxh/hello-algorithm/labels{/name},https://api.github.com/repos/geekxh/hello-algorithm/releases{/id},https://api.github.com/repos/geekxh/hello-algorithm/deployments,2020-05-29T05:47:09Z,2020-07-29T03:57:49Z,2020-07-28T06:23:07Z,git://github.com/geekxh/hello-algorithm.git,git@github.com:geekxh/hello-algorithm.git,https://github.com/geekxh/hello-algorithm.git,https://github.com/geekxh/hello-algorithm,https://www.geekxh.com,268654,5786,5786,JavaScript,true,true,true,true,false,759,null,false,false,0,null,null,null,null,null,759,0,5786,master,null
222278547,MDEwOlJlcG9zaXRvcnkyMjIyNzg1NDc=,my-notes,penge/my-notes,false,penge,907255,MDQ6VXNlcjkwNzI1NQ==,https://avatars2.githubusercontent.com/u/907255?v=4,,https://api.github.com/users/penge,https://github.com/penge,https://api.github.com/users/penge/followers,https://api.github.com/users/penge/following{/other_user},https://api.github.com/users/penge/gists{/gist_id},https://api.github.com/users/penge/starred{/owner}{/repo},https://api.github.com/users/penge/subscriptions,https://api.github.com/users/penge/orgs,https://api.github.com/users/penge/repos,https://api.github.com/users/penge/events{/privacy},https://api.github.com/users/penge/received_events,User,false,https://github.com/penge/my-notes,Note-taking app for Chrome. Zero dependencies. Google Drive support. Auto-saved. Auto-synced. Works offline.,false,https://api.github.com/repos/penge/my-notes,https://api.github.com/repos/penge/my-notes/forks,https://api.github.com/repos/penge/my-notes/keys{/key_id},https://api.github.com/repos/penge/my-notes/collaborators{/collaborator},https://api.github.com/repos/penge/my-notes/teams,https://api.github.com/repos/penge/my-notes/hooks,https://api.github.com/repos/penge/my-notes/issues/events{/number},https://api.github.com/repos/penge/my-notes/events,https://api.github.com/repos/penge/my-notes/assignees{/user},https://api.github.com/repos/penge/my-notes/branches{/branch},https://api.github.com/repos/penge/my-notes/tags,https://api.github.com/repos/penge/my-notes/git/blobs{/sha},https://api.github.com/repos/penge/my-notes/git/tags{/sha},https://api.github.com/repos/penge/my-notes/git/refs{/sha},https://api.github.com/repos/penge/my-notes/git/trees{/sha},https://api.github.com/repos/penge/my-notes/statuses/{sha},https://api.github.com/repos/penge/my-notes/languages,https://api.github.com/repos/penge/my-notes/stargazers,https://api.github.com/repos/penge/my-notes/contributors,https://api.github.com/repos/penge/my-notes/subscribers,https://api.github.com/repos/penge/my-notes/subscription,https://api.github.com/repos/penge/my-notes/commits{/sha},https://api.github.com/repos/penge/my-notes/git/commits{/sha},https://api.github.com/repos/penge/my-notes/comments{/number},https://api.github.com/repos/penge/my-notes/issues/comments{/number},https://api.github.com/repos/penge/my-notes/contents/{+path},https://api.github.com/repos/penge/my-notes/compare/{base}...{head},https://api.github.com/repos/penge/my-notes/merges,https://api.github.com/repos/penge/my-notes/{archive_format}{/ref},https://api.github.com/repos/penge/my-notes/downloads,https://api.github.com/repos/penge/my-notes/issues{/number},https://api.github.com/repos/penge/my-notes/pulls{/number},https://api.github.com/repos/penge/my-notes/milestones{/number},"https://api.github.com/repos/penge/my-notes/notifications{?since,all,participating}",https://api.github.com/repos/penge/my-notes/labels{/name},https://api.github.com/repos/penge/my-notes/releases{/id},https://api.github.com/repos/penge/my-notes/deployments,2019-11-17T16:35:33Z,2020-07-28T10:59:41Z,2020-07-06T15:44:44Z,git://github.com/penge/my-notes.git,git@github.com:penge/my-notes.git,https://github.com/penge/my-notes.git,https://github.com/penge/my-notes,https://chrome.google.com/webstore/detail/my-notes/lkeeogfaiembcblonahillacpaabmiop,2029,88,88,JavaScript,true,true,true,true,false,14,null,false,false,2,mit,MIT License,MIT,https://api.github.com/licenses/mit,MDc6TGljZW5zZTEz,14,2,88,master,"{""key"":""mit"",""name"":""MIT License"",""spdx_id"":""MIT"",""url"":""https://api.github.com/licenses/mit"",""node_id"":""MDc6TGljZW5zZTEz""}"
47530004,MDEwOlJlcG9zaXRvcnk0NzUzMDAwNA==,canvas-nest.js,hustcc/canvas-nest.js,false,hustcc,7856674,MDQ6VXNlcjc4NTY2NzQ=,https://avatars2.githubusercontent.com/u/7856674?v=4,,https://api.github.com/users/hustcc,https://github.com/hustcc,https://api.github.com/users/hustcc/followers,https://api.github.com/users/hustcc/following{/other_user},https://api.github.com/users/hustcc/gists{/gist_id},https://api.github.com/users/hustcc/starred{/owner}{/repo},https://api.github.com/users/hustcc/subscriptions,https://api.github.com/users/hustcc/orgs,https://api.github.com/users/hustcc/repos,https://api.github.com/users/hustcc/events{/privacy},https://api.github.com/users/hustcc/received_events,User,false,https://github.com/hustcc/canvas-nest.js,":cancer: Interactive Particle / Nest System With JavaScript and Canvas, no jQuery. ",false,https://api.github.com/repos/hustcc/canvas-nest.js,https://api.github.com/repos/hustcc/canvas-nest.js/forks,https://api.github.com/repos/hustcc/canvas-nest.js/keys{/key_id},https://api.github.com/repos/hustcc/canvas-nest.js/collaborators{/collaborator},https://api.github.com/repos/hustcc/canvas-nest.js/teams,https://api.github.com/repos/hustcc/canvas-nest.js/hooks,https://api.github.com/repos/hustcc/canvas-nest.js/issues/events{/number},https://api.github.com/repos/hustcc/canvas-nest.js/events,https://api.github.com/repos/hustcc/canvas-nest.js/assignees{/user},https://api.github.com/repos/hustcc/canvas-nest.js/branches{/branch},https://api.github.com/repos/hustcc/canvas-nest.js/tags,https://api.github.com/repos/hustcc/canvas-nest.js/git/blobs{/sha},https://api.github.com/repos/hustcc/canvas-nest.js/git/tags{/sha},https://api.github.com/repos/hustcc/canvas-nest.js/git/refs{/sha},https://api.github.com/repos/hustcc/canvas-nest.js/git/trees{/sha},https://api.github.com/repos/hustcc/canvas-nest.js/statuses/{sha},https://api.github.com/repos/hustcc/canvas-nest.js/languages,https://api.github.com/repos/hustcc/canvas-nest.js/stargazers,https://api.github.com/repos/hustcc/canvas-nest.js/contributors,https://api.github.com/repos/hustcc/canvas-nest.js/subscribers,https://api.github.com/repos/hustcc/canvas-nest.js/subscription,https://api.github.com/repos/hustcc/canvas-nest.js/commits{/sha},https://api.github.com/repos/hustcc/canvas-nest.js/git/commits{/sha},https://api.github.com/repos/hustcc/canvas-nest.js/comments{/number},https://api.github.com/repos/hustcc/canvas-nest.js/issues/comments{/number},https://api.github.com/repos/hustcc/canvas-nest.js/contents/{+path},https://api.github.com/repos/hustcc/canvas-nest.js/compare/{base}...{head},https://api.github.com/repos/hustcc/canvas-nest.js/merges,https://api.github.com/repos/hustcc/canvas-nest.js/{archive_format}{/ref},https://api.github.com/repos/hustcc/canvas-nest.js/downloads,https://api.github.com/repos/hustcc/canvas-nest.js/issues{/number},https://api.github.com/repos/hustcc/canvas-nest.js/pulls{/number},https://api.github.com/repos/hustcc/canvas-nest.js/milestones{/number},"https://api.github.com/repos/hustcc/canvas-nest.js/notifications{?since,all,participating}",https://api.github.com/repos/hustcc/canvas-nest.js/labels{/name},https://api.github.com/repos/hustcc/canvas-nest.js/releases{/id},https://api.github.com/repos/hustcc/canvas-nest.js/deployments,2015-12-07T04:49:10Z,2020-07-29T02:46:54Z,2019-09-25T04:53:45Z,git://github.com/hustcc/canvas-nest.js.git,git@github.com:hustcc/canvas-nest.js.git,https://github.com/hustcc/canvas-nest.js.git,https://github.com/hustcc/canvas-nest.js,https://git.hust.cc/canvas-nest.js,311,3573,3573,JavaScript,true,false,true,false,true,810,null,false,false,14,mit,MIT License,MIT,https://api.github.com/licenses/mit,MDc6TGljZW5zZTEz,810,14,3573,master,"{""key"":""mit"",""name"":""MIT License"",""spdx_id"":""MIT"",""url"":""https://api.github.com/licenses/mit"",""node_id"":""MDc6TGljZW5zZTEz""}"
172679617,MDEwOlJlcG9zaXRvcnkxNzI2Nzk2MTc=,state-management-js,caleboki/state-management-js,false,caleboki,1192358,MDQ6VXNlcjExOTIzNTg=,https://avatars0.githubusercontent.com/u/1192358?v=4,,https://api.github.com/users/caleboki,https://github.com/caleboki,https://api.github.com/users/caleboki/followers,https://api.github.com/users/caleboki/following{/other_user},https://api.github.com/users/caleboki/gists{/gist_id},https://api.github.com/users/caleboki/starred{/owner}{/repo},https://api.github.com/users/caleboki/subscriptions,https://api.github.com/users/caleboki/orgs,https://api.github.com/users/caleboki/repos,https://api.github.com/users/caleboki/events{/privacy},https://api.github.com/users/caleboki/received_events,User,false,https://github.com/caleboki/state-management-js,null,false,https://api.github.com/repos/caleboki/state-management-js,https://api.github.com/repos/caleboki/state-management-js/forks,https://api.github.com/repos/caleboki/state-management-js/keys{/key_id},https://api.github.com/repos/caleboki/state-management-js/collaborators{/collaborator},https://api.github.com/repos/caleboki/state-management-js/teams,https://api.github.com/repos/caleboki/state-management-js/hooks,https://api.github.com/repos/caleboki/state-management-js/issues/events{/number},https://api.github.com/repos/caleboki/state-management-js/events,https://api.github.com/repos/caleboki/state-management-js/assignees{/user},https://api.github.com/repos/caleboki/state-management-js/branches{/branch},https://api.github.com/repos/caleboki/state-management-js/tags,https://api.github.com/repos/caleboki/state-management-js/git/blobs{/sha},https://api.github.com/repos/caleboki/state-management-js/git/tags{/sha},https://api.github.com/repos/caleboki/state-management-js/git/refs{/sha},https://api.github.com/repos/caleboki/state-management-js/git/trees{/sha},https://api.github.com/repos/caleboki/state-management-js/statuses/{sha},https://api.github.com/repos/caleboki/state-management-js/languages,https://api.github.com/repos/caleboki/state-management-js/stargazers,https://api.github.com/repos/caleboki/state-management-js/contributors,https://api.github.com/repos/caleboki/state-management-js/subscribers,https://api.github.com/repos/caleboki/state-management-js/subscription,https://api.github.com/repos/caleboki/state-management-js/commits{/sha},https://api.github.com/repos/caleboki/state-management-js/git/commits{/sha},https://api.github.com/repos/caleboki/state-management-js/comments{/number},https://api.github.com/repos/caleboki/state-management-js/issues/comments{/number},https://api.github.com/repos/caleboki/state-management-js/contents/{+path},https://api.github.com/repos/caleboki/state-management-js/compare/{base}...{head},https://api.github.com/repos/caleboki/state-management-js/merges,https://api.github.com/repos/caleboki/state-management-js/{archive_format}{/ref},https://api.github.com/repos/caleboki/state-management-js/downloads,https://api.github.com/repos/caleboki/state-management-js/issues{/number},https://api.github.com/repos/caleboki/state-management-js/pulls{/number},https://api.github.com/repos/caleboki/state-management-js/milestones{/number},"https://api.github.com/repos/caleboki/state-management-js/notifications{?since,all,participating}",https://api.github.com/repos/caleboki/state-management-js/labels{/name},https://api.github.com/repos/caleboki/state-management-js/releases{/id},https://api.github.com/repos/caleboki/state-management-js/deployments,2019-02-26T09:26:13Z,2020-07-01T10:07:34Z,2019-02-26T09:40:02Z,git://github.com/caleboki/state-management-js.git,git@github.com:caleboki/state-management-js.git,https://github.com/caleboki/state-management-js.git,https://github.com/caleboki/state-management-js,null,6,6,6,JavaScript,true,true,true,true,false,4,null,false,false,0,mit,MIT License,MIT,https://api.github.com/licenses/mit,MDc6TGljZW5zZTEz,4,0,6,master,"{""key"":""mit"",""name"":""MIT License"",""spdx_id"":""MIT"",""url"":""https://api.github.com/licenses/mit"",""node_id"":""MDc6TGljZW5zZTEz""}"
265336930,MDEwOlJlcG9zaXRvcnkyNjUzMzY5MzA=,new.css-site,xz/new.css-site,false,xz,58664567,MDEyOk9yZ2FuaXphdGlvbjU4NjY0NTY3,https://avatars0.githubusercontent.com/u/58664567?v=4,,https://api.github.com/users/xz,https://github.com/xz,https://api.github.com/users/xz/followers,https://api.github.com/users/xz/following{/other_user},https://api.github.com/users/xz/gists{/gist_id},https://api.github.com/users/xz/starred{/owner}{/repo},https://api.github.com/users/xz/subscriptions,https://api.github.com/users/xz/orgs,https://api.github.com/users/xz/repos,https://api.github.com/users/xz/events{/privacy},https://api.github.com/users/xz/received_events,Organization,false,https://github.com/xz/new.css-site,null,false,https://api.github.com/repos/xz/new.css-site,https://api.github.com/repos/xz/new.css-site/forks,https://api.github.com/repos/xz/new.css-site/keys{/key_id},https://api.github.com/repos/xz/new.css-site/collaborators{/collaborator},https://api.github.com/repos/xz/new.css-site/teams,https://api.github.com/repos/xz/new.css-site/hooks,https://api.github.com/repos/xz/new.css-site/issues/events{/number},https://api.github.com/repos/xz/new.css-site/events,https://api.github.com/repos/xz/new.css-site/assignees{/user},https://api.github.com/repos/xz/new.css-site/branches{/branch},https://api.github.com/repos/xz/new.css-site/tags,https://api.github.com/repos/xz/new.css-site/git/blobs{/sha},https://api.github.com/repos/xz/new.css-site/git/tags{/sha},https://api.github.com/repos/xz/new.css-site/git/refs{/sha},https://api.github.com/repos/xz/new.css-site/git/trees{/sha},https://api.github.com/repos/xz/new.css-site/statuses/{sha},https://api.github.com/repos/xz/new.css-site/languages,https://api.github.com/repos/xz/new.css-site/stargazers,https://api.github.com/repos/xz/new.css-site/contributors,https://api.github.com/repos/xz/new.css-site/subscribers,https://api.github.com/repos/xz/new.css-site/subscription,https://api.github.com/repos/xz/new.css-site/commits{/sha},https://api.github.com/repos/xz/new.css-site/git/commits{/sha},https://api.github.com/repos/xz/new.css-site/comments{/number},https://api.github.com/repos/xz/new.css-site/issues/comments{/number},https://api.github.com/repos/xz/new.css-site/contents/{+path},https://api.github.com/repos/xz/new.css-site/compare/{base}...{head},https://api.github.com/repos/xz/new.css-site/merges,https://api.github.com/repos/xz/new.css-site/{archive_format}{/ref},https://api.github.com/repos/xz/new.css-site/downloads,https://api.github.com/repos/xz/new.css-site/issues{/number},https://api.github.com/repos/xz/new.css-site/pulls{/number},https://api.github.com/repos/xz/new.css-site/milestones{/number},"https://api.github.com/repos/xz/new.css-site/notifications{?since,all,participating}",https://api.github.com/repos/xz/new.css-site/labels{/name},https://api.github.com/repos/xz/new.css-site/releases{/id},https://api.github.com/repos/xz/new.css-site/deployments,2020-05-19T18:57:21Z,2020-07-27T20:40:59Z,2020-05-20T22:14:09Z,git://github.com/xz/new.css-site.git,git@github.com:xz/new.css-site.git,https://github.com/xz/new.css-site.git,https://github.com/xz/new.css-site,https://newcss.net,276,20,20,HTML,true,true,true,true,false,2,null,false,false,3,null,null,null,null,null,2,3,20,master,null
137078487,MDEwOlJlcG9zaXRvcnkxMzcwNzg0ODc=,vue-next,vuejs/vue-next,false,vuejs,6128107,MDEyOk9yZ2FuaXphdGlvbjYxMjgxMDc=,https://avatars1.githubusercontent.com/u/6128107?v=4,,https://api.github.com/users/vuejs,https://github.com/vuejs,https://api.github.com/users/vuejs/followers,https://api.github.com/users/vuejs/following{/other_user},https://api.github.com/users/vuejs/gists{/gist_id},https://api.github.com/users/vuejs/starred{/owner}{/repo},https://api.github.com/users/vuejs/subscriptions,https://api.github.com/users/vuejs/orgs,https://api.github.com/users/vuejs/repos,https://api.github.com/users/vuejs/events{/privacy},https://api.github.com/users/vuejs/received_events,Organization,false,https://github.com/vuejs/vue-next,Repo for Vue 3.0 (currently in beta),false,https://api.github.com/repos/vuejs/vue-next,https://api.github.com/repos/vuejs/vue-next/forks,https://api.github.com/repos/vuejs/vue-next/keys{/key_id},https://api.github.com/repos/vuejs/vue-next/collaborators{/collaborator},https://api.github.com/repos/vuejs/vue-next/teams,https://api.github.com/repos/vuejs/vue-next/hooks,https://api.github.com/repos/vuejs/vue-next/issues/events{/number},https://api.github.com/repos/vuejs/vue-next/events,https://api.github.com/repos/vuejs/vue-next/assignees{/user},https://api.github.com/repos/vuejs/vue-next/branches{/branch},https://api.github.com/repos/vuejs/vue-next/tags,https://api.github.com/repos/vuejs/vue-next/git/blobs{/sha},https://api.github.com/repos/vuejs/vue-next/git/tags{/sha},https://api.github.com/repos/vuejs/vue-next/git/refs{/sha},https://api.github.com/repos/vuejs/vue-next/git/trees{/sha},https://api.github.com/repos/vuejs/vue-next/statuses/{sha},https://api.github.com/repos/vuejs/vue-next/languages,https://api.github.com/repos/vuejs/vue-next/stargazers,https://api.github.com/repos/vuejs/vue-next/contributors,https://api.github.com/repos/vuejs/vue-next/subscribers,https://api.github.com/repos/vuejs/vue-next/subscription,https://api.github.com/repos/vuejs/vue-next/commits{/sha},https://api.github.com/repos/vuejs/vue-next/git/commits{/sha},https://api.github.com/repos/vuejs/vue-next/comments{/number},https://api.github.com/repos/vuejs/vue-next/issues/comments{/number},https://api.github.com/repos/vuejs/vue-next/contents/{+path},https://api.github.com/repos/vuejs/vue-next/compare/{base}...{head},https://api.github.com/repos/vuejs/vue-next/merges,https://api.github.com/repos/vuejs/vue-next/{archive_format}{/ref},https://api.github.com/repos/vuejs/vue-next/downloads,https://api.github.com/repos/vuejs/vue-next/issues{/number},https://api.github.com/repos/vuejs/vue-next/pulls{/number},https://api.github.com/repos/vuejs/vue-next/milestones{/number},"https://api.github.com/repos/vuejs/vue-next/notifications{?since,all,participating}",https://api.github.com/repos/vuejs/vue-next/labels{/name},https://api.github.com/repos/vuejs/vue-next/releases{/id},https://api.github.com/repos/vuejs/vue-next/deployments,2018-06-12T13:49:36Z,2020-07-29T03:54:22Z,2020-07-28T21:42:58Z,git://github.com/vuejs/vue-next.git,git@github.com:vuejs/vue-next.git,https://github.com/vuejs/vue-next.git,https://github.com/vuejs/vue-next,,7503,14450,14450,TypeScript,true,true,true,false,false,2496,null,false,false,46,mit,MIT License,MIT,https://api.github.com/licenses/mit,MDc6TGljZW5zZTEz,2496,46,14450,master,"{""key"":""mit"",""name"":""MIT License"",""spdx_id"":""MIT"",""url"":""https://api.github.com/licenses/mit"",""node_id"":""MDc6TGljZW5zZTEz""}"
161246367,MDEwOlJlcG9zaXRvcnkxNjEyNDYzNjc=,rfcs,vuejs/rfcs,false,vuejs,6128107,MDEyOk9yZ2FuaXphdGlvbjYxMjgxMDc=,https://avatars1.githubusercontent.com/u/6128107?v=4,,https://api.github.com/users/vuejs,https://github.com/vuejs,https://api.github.com/users/vuejs/followers,https://api.github.com/users/vuejs/following{/other_user},https://api.github.com/users/vuejs/gists{/gist_id},https://api.github.com/users/vuejs/starred{/owner}{/repo},https://api.github.com/users/vuejs/subscriptions,https://api.github.com/users/vuejs/orgs,https://api.github.com/users/vuejs/repos,https://api.github.com/users/vuejs/events{/privacy},https://api.github.com/users/vuejs/received_events,Organization,false,https://github.com/vuejs/rfcs,RFCs for substantial changes / feature additions to Vue core,false,https://api.github.com/repos/vuejs/rfcs,https://api.github.com/repos/vuejs/rfcs/forks,https://api.github.com/repos/vuejs/rfcs/keys{/key_id},https://api.github.com/repos/vuejs/rfcs/collaborators{/collaborator},https://api.github.com/repos/vuejs/rfcs/teams,https://api.github.com/repos/vuejs/rfcs/hooks,https://api.github.com/repos/vuejs/rfcs/issues/events{/number},https://api.github.com/repos/vuejs/rfcs/events,https://api.github.com/repos/vuejs/rfcs/assignees{/user},https://api.github.com/repos/vuejs/rfcs/branches{/branch},https://api.github.com/repos/vuejs/rfcs/tags,https://api.github.com/repos/vuejs/rfcs/git/blobs{/sha},https://api.github.com/repos/vuejs/rfcs/git/tags{/sha},https://api.github.com/repos/vuejs/rfcs/git/refs{/sha},https://api.github.com/repos/vuejs/rfcs/git/trees{/sha},https://api.github.com/repos/vuejs/rfcs/statuses/{sha},https://api.github.com/repos/vuejs/rfcs/languages,https://api.github.com/repos/vuejs/rfcs/stargazers,https://api.github.com/repos/vuejs/rfcs/contributors,https://api.github.com/repos/vuejs/rfcs/subscribers,https://api.github.com/repos/vuejs/rfcs/subscription,https://api.github.com/repos/vuejs/rfcs/commits{/sha},https://api.github.com/repos/vuejs/rfcs/git/commits{/sha},https://api.github.com/repos/vuejs/rfcs/comments{/number},https://api.github.com/repos/vuejs/rfcs/issues/comments{/number},https://api.github.com/repos/vuejs/rfcs/contents/{+path},https://api.github.com/repos/vuejs/rfcs/compare/{base}...{head},https://api.github.com/repos/vuejs/rfcs/merges,https://api.github.com/repos/vuejs/rfcs/{archive_format}{/ref},https://api.github.com/repos/vuejs/rfcs/downloads,https://api.github.com/repos/vuejs/rfcs/issues{/number},https://api.github.com/repos/vuejs/rfcs/pulls{/number},https://api.github.com/repos/vuejs/rfcs/milestones{/number},"https://api.github.com/repos/vuejs/rfcs/notifications{?since,all,participating}",https://api.github.com/repos/vuejs/rfcs/labels{/name},https://api.github.com/repos/vuejs/rfcs/releases{/id},https://api.github.com/repos/vuejs/rfcs/deployments,2018-12-10T22:46:31Z,2020-07-28T22:36:13Z,2020-07-28T14:21:34Z,git://github.com/vuejs/rfcs.git,git@github.com:vuejs/rfcs.git,https://github.com/vuejs/rfcs.git,https://github.com/vuejs/rfcs,null,343,2538,2538,null,true,false,true,false,false,230,null,false,false,51,null,null,null,null,null,230,51,2538,master,null
134097610,MDEwOlJlcG9zaXRvcnkxMzQwOTc2MTA=,realworld-nuxt,anishkny/realworld-nuxt,false,anishkny,357499,MDQ6VXNlcjM1NzQ5OQ==,https://avatars0.githubusercontent.com/u/357499?v=4,,https://api.github.com/users/anishkny,https://github.com/anishkny,https://api.github.com/users/anishkny/followers,https://api.github.com/users/anishkny/following{/other_user},https://api.github.com/users/anishkny/gists{/gist_id},https://api.github.com/users/anishkny/starred{/owner}{/repo},https://api.github.com/users/anishkny/subscriptions,https://api.github.com/users/anishkny/orgs,https://api.github.com/users/anishkny/repos,https://api.github.com/users/anishkny/events{/privacy},https://api.github.com/users/anishkny/received_events,User,false,https://github.com/anishkny/realworld-nuxt,Nuxt.js implementation of RealWorld Frontend,false,https://api.github.com/repos/anishkny/realworld-nuxt,https://api.github.com/repos/anishkny/realworld-nuxt/forks,https://api.github.com/repos/anishkny/realworld-nuxt/keys{/key_id},https://api.github.com/repos/anishkny/realworld-nuxt/collaborators{/collaborator},https://api.github.com/repos/anishkny/realworld-nuxt/teams,https://api.github.com/repos/anishkny/realworld-nuxt/hooks,https://api.github.com/repos/anishkny/realworld-nuxt/issues/events{/number},https://api.github.com/repos/anishkny/realworld-nuxt/events,https://api.github.com/repos/anishkny/realworld-nuxt/assignees{/user},https://api.github.com/repos/anishkny/realworld-nuxt/branches{/branch},https://api.github.com/repos/anishkny/realworld-nuxt/tags,https://api.github.com/repos/anishkny/realworld-nuxt/git/blobs{/sha},https://api.github.com/repos/anishkny/realworld-nuxt/git/tags{/sha},https://api.github.com/repos/anishkny/realworld-nuxt/git/refs{/sha},https://api.github.com/repos/anishkny/realworld-nuxt/git/trees{/sha},https://api.github.com/repos/anishkny/realworld-nuxt/statuses/{sha},https://api.github.com/repos/anishkny/realworld-nuxt/languages,https://api.github.com/repos/anishkny/realworld-nuxt/stargazers,https://api.github.com/repos/anishkny/realworld-nuxt/contributors,https://api.github.com/repos/anishkny/realworld-nuxt/subscribers,https://api.github.com/repos/anishkny/realworld-nuxt/subscription,https://api.github.com/repos/anishkny/realworld-nuxt/commits{/sha},https://api.github.com/repos/anishkny/realworld-nuxt/git/commits{/sha},https://api.github.com/repos/anishkny/realworld-nuxt/comments{/number},https://api.github.com/repos/anishkny/realworld-nuxt/issues/comments{/number},https://api.github.com/repos/anishkny/realworld-nuxt/contents/{+path},https://api.github.com/repos/anishkny/realworld-nuxt/compare/{base}...{head},https://api.github.com/repos/anishkny/realworld-nuxt/merges,https://api.github.com/repos/anishkny/realworld-nuxt/{archive_format}{/ref},https://api.github.com/repos/anishkny/realworld-nuxt/downloads,https://api.github.com/repos/anishkny/realworld-nuxt/issues{/number},https://api.github.com/repos/anishkny/realworld-nuxt/pulls{/number},https://api.github.com/repos/anishkny/realworld-nuxt/milestones{/number},"https://api.github.com/repos/anishkny/realworld-nuxt/notifications{?since,all,participating}",https://api.github.com/repos/anishkny/realworld-nuxt/labels{/name},https://api.github.com/repos/anishkny/realworld-nuxt/releases{/id},https://api.github.com/repos/anishkny/realworld-nuxt/deployments,2018-05-19T20:59:27Z,2020-07-15T07:46:06Z,2018-10-24T19:47:14Z,git://github.com/anishkny/realworld-nuxt.git,git@github.com:anishkny/realworld-nuxt.git,https://github.com/anishkny/realworld-nuxt.git,https://github.com/anishkny/realworld-nuxt,http://realworld-nuxt.netlify.com,94,35,35,Vue,true,true,true,true,false,8,null,false,false,0,null,null,null,null,null,8,0,35,master,null
188478114,MDEwOlJlcG9zaXRvcnkxODg0NzgxMTQ=,flask-vuejs-tutorial,michaelbukachi/flask-vuejs-tutorial,false,michaelbukachi,10145850,MDQ6VXNlcjEwMTQ1ODUw,https://avatars1.githubusercontent.com/u/10145850?v=4,,https://api.github.com/users/michaelbukachi,https://github.com/michaelbukachi,https://api.github.com/users/michaelbukachi/followers,https://api.github.com/users/michaelbukachi/following{/other_user},https://api.github.com/users/michaelbukachi/gists{/gist_id},https://api.github.com/users/michaelbukachi/starred{/owner}{/repo},https://api.github.com/users/michaelbukachi/subscriptions,https://api.github.com/users/michaelbukachi/orgs,https://api.github.com/users/michaelbukachi/repos,https://api.github.com/users/michaelbukachi/events{/privacy},https://api.github.com/users/michaelbukachi/received_events,User,false,https://github.com/michaelbukachi/flask-vuejs-tutorial,A tutorial to integrate Vue.js with flask,false,https://api.github.com/repos/michaelbukachi/flask-vuejs-tutorial,https://api.github.com/repos/michaelbukachi/flask-vuejs-tutorial/forks,https://api.github.com/repos/michaelbukachi/flask-vuejs-tutorial/keys{/key_id},https://api.github.com/repos/michaelbukachi/flask-vuejs-tutorial/collaborators{/collaborator},https://api.github.com/repos/michaelbukachi/flask-vuejs-tutorial/teams,https://api.github.com/repos/michaelbukachi/flask-vuejs-tutorial/hooks,https://api.github.com/repos/michaelbukachi/flask-vuejs-tutorial/issues/events{/number},https://api.github.com/repos/michaelbukachi/flask-vuejs-tutorial/events,https://api.github.com/repos/michaelbukachi/flask-vuejs-tutorial/assignees{/user},https://api.github.com/repos/michaelbukachi/flask-vuejs-tutorial/branches{/branch},https://api.github.com/repos/michaelbukachi/flask-vuejs-tutorial/tags,https://api.github.com/repos/michaelbukachi/flask-vuejs-tutorial/git/blobs{/sha},https://api.github.com/repos/michaelbukachi/flask-vuejs-tutorial/git/tags{/sha},https://api.github.com/repos/michaelbukachi/flask-vuejs-tutorial/git/refs{/sha},https://api.github.com/repos/michaelbukachi/flask-vuejs-tutorial/git/trees{/sha},https://api.github.com/repos/michaelbukachi/flask-vuejs-tutorial/statuses/{sha},https://api.github.com/repos/michaelbukachi/flask-vuejs-tutorial/languages,https://api.github.com/repos/michaelbukachi/flask-vuejs-tutorial/stargazers,https://api.github.com/repos/michaelbukachi/flask-vuejs-tutorial/contributors,https://api.github.com/repos/michaelbukachi/flask-vuejs-tutorial/subscribers,https://api.github.com/repos/michaelbukachi/flask-vuejs-tutorial/subscription,https://api.github.com/repos/michaelbukachi/flask-vuejs-tutorial/commits{/sha},https://api.github.com/repos/michaelbukachi/flask-vuejs-tutorial/git/commits{/sha},https://api.github.com/repos/michaelbukachi/flask-vuejs-tutorial/comments{/number},https://api.github.com/repos/michaelbukachi/flask-vuejs-tutorial/issues/comments{/number},https://api.github.com/repos/michaelbukachi/flask-vuejs-tutorial/contents/{+path},https://api.github.com/repos/michaelbukachi/flask-vuejs-tutorial/compare/{base}...{head},https://api.github.com/repos/michaelbukachi/flask-vuejs-tutorial/merges,https://api.github.com/repos/michaelbukachi/flask-vuejs-tutorial/{archive_format}{/ref},https://api.github.com/repos/michaelbukachi/flask-vuejs-tutorial/downloads,https://api.github.com/repos/michaelbukachi/flask-vuejs-tutorial/issues{/number},https://api.github.com/repos/michaelbukachi/flask-vuejs-tutorial/pulls{/number},https://api.github.com/repos/michaelbukachi/flask-vuejs-tutorial/milestones{/number},"https://api.github.com/repos/michaelbukachi/flask-vuejs-tutorial/notifications{?since,all,participating}",https://api.github.com/repos/michaelbukachi/flask-vuejs-tutorial/labels{/name},https://api.github.com/repos/michaelbukachi/flask-vuejs-tutorial/releases{/id},https://api.github.com/repos/michaelbukachi/flask-vuejs-tutorial/deployments,2019-05-24T19:39:35Z,2020-07-26T21:09:54Z,2020-07-17T02:45:39Z,git://github.com/michaelbukachi/flask-vuejs-tutorial.git,git@github.com:michaelbukachi/flask-vuejs-tutorial.git,https://github.com/michaelbukachi/flask-vuejs-tutorial.git,https://github.com/michaelbukachi/flask-vuejs-tutorial,null,60629,24,24,Python,true,true,true,true,false,6,null,false,false,3,null,null,null,null,null,6,3,24,master,null
17375436,MDEwOlJlcG9zaXRvcnkxNzM3NTQzNg==,es6features,lukehoban/es6features,false,lukehoban,223467,MDQ6VXNlcjIyMzQ2Nw==,https://avatars1.githubusercontent.com/u/223467?v=4,,https://api.github.com/users/lukehoban,https://github.com/lukehoban,https://api.github.com/users/lukehoban/followers,https://api.github.com/users/lukehoban/following{/other_user},https://api.github.com/users/lukehoban/gists{/gist_id},https://api.github.com/users/lukehoban/starred{/owner}{/repo},https://api.github.com/users/lukehoban/subscriptions,https://api.github.com/users/lukehoban/orgs,https://api.github.com/users/lukehoban/repos,https://api.github.com/users/lukehoban/events{/privacy},https://api.github.com/users/lukehoban/received_events,User,false,https://github.com/lukehoban/es6features,Overview of ECMAScript 6 features,false,https://api.github.com/repos/lukehoban/es6features,https://api.github.com/repos/lukehoban/es6features/forks,https://api.github.com/repos/lukehoban/es6features/keys{/key_id},https://api.github.com/repos/lukehoban/es6features/collaborators{/collaborator},https://api.github.com/repos/lukehoban/es6features/teams,https://api.github.com/repos/lukehoban/es6features/hooks,https://api.github.com/repos/lukehoban/es6features/issues/events{/number},https://api.github.com/repos/lukehoban/es6features/events,https://api.github.com/repos/lukehoban/es6features/assignees{/user},https://api.github.com/repos/lukehoban/es6features/branches{/branch},https://api.github.com/repos/lukehoban/es6features/tags,https://api.github.com/repos/lukehoban/es6features/git/blobs{/sha},https://api.github.com/repos/lukehoban/es6features/git/tags{/sha},https://api.github.com/repos/lukehoban/es6features/git/refs{/sha},https://api.github.com/repos/lukehoban/es6features/git/trees{/sha},https://api.github.com/repos/lukehoban/es6features/statuses/{sha},https://api.github.com/repos/lukehoban/es6features/languages,https://api.github.com/repos/lukehoban/es6features/stargazers,https://api.github.com/repos/lukehoban/es6features/contributors,https://api.github.com/repos/lukehoban/es6features/subscribers,https://api.github.com/repos/lukehoban/es6features/subscription,https://api.github.com/repos/lukehoban/es6features/commits{/sha},https://api.github.com/repos/lukehoban/es6features/git/commits{/sha},https://api.github.com/repos/lukehoban/es6features/comments{/number},https://api.github.com/repos/lukehoban/es6features/issues/comments{/number},https://api.github.com/repos/lukehoban/es6features/contents/{+path},https://api.github.com/repos/lukehoban/es6features/compare/{base}...{head},https://api.github.com/repos/lukehoban/es6features/merges,https://api.github.com/repos/lukehoban/es6features/{archive_format}{/ref},https://api.github.com/repos/lukehoban/es6features/downloads,https://api.github.com/repos/lukehoban/es6features/issues{/number},https://api.github.com/repos/lukehoban/es6features/pulls{/number},https://api.github.com/repos/lukehoban/es6features/milestones{/number},"https://api.github.com/repos/lukehoban/es6features/notifications{?since,all,participating}",https://api.github.com/repos/lukehoban/es6features/labels{/name},https://api.github.com/repos/lukehoban/es6features/releases{/id},https://api.github.com/repos/lukehoban/es6features/deployments,2014-03-03T18:29:30Z,2020-07-28T17:04:47Z,2019-07-13T06:41:11Z,git://github.com/lukehoban/es6features.git,git@github.com:lukehoban/es6features.git,https://github.com/lukehoban/es6features.git,https://github.com/lukehoban/es6features,null,199,27713,27713,null,true,true,true,false,false,2711,null,false,false,39,mit,MIT License,MIT,https://api.github.com/licenses/mit,MDc6TGljZW5zZTEz,2711,39,27713,master,"{""key"":""mit"",""name"":""MIT License"",""spdx_id"":""MIT"",""url"":""https://api.github.com/licenses/mit"",""node_id"":""MDc6TGljZW5zZTEz""}"
50823059,MDEwOlJlcG9zaXRvcnk1MDgyMzA1OQ==,imagesize_py,shibukawa/imagesize_py,false,shibukawa,564612,MDQ6VXNlcjU2NDYxMg==,https://avatars0.githubusercontent.com/u/564612?v=4,,https://api.github.com/users/shibukawa,https://github.com/shibukawa,https://api.github.com/users/shibukawa/followers,https://api.github.com/users/shibukawa/following{/other_user},https://api.github.com/users/shibukawa/gists{/gist_id},https://api.github.com/users/shibukawa/starred{/owner}{/repo},https://api.github.com/users/shibukawa/subscriptions,https://api.github.com/users/shibukawa/orgs,https://api.github.com/users/shibukawa/repos,https://api.github.com/users/shibukawa/events{/privacy},https://api.github.com/users/shibukawa/received_events,User,false,https://github.com/shibukawa/imagesize_py,null,false,https://api.github.com/repos/shibukawa/imagesize_py,https://api.github.com/repos/shibukawa/imagesize_py/forks,https://api.github.com/repos/shibukawa/imagesize_py/keys{/key_id},https://api.github.com/repos/shibukawa/imagesize_py/collaborators{/collaborator},https://api.github.com/repos/shibukawa/imagesize_py/teams,https://api.github.com/repos/shibukawa/imagesize_py/hooks,https://api.github.com/repos/shibukawa/imagesize_py/issues/events{/number},https://api.github.com/repos/shibukawa/imagesize_py/events,https://api.github.com/repos/shibukawa/imagesize_py/assignees{/user},https://api.github.com/repos/shibukawa/imagesize_py/branches{/branch},https://api.github.com/repos/shibukawa/imagesize_py/tags,https://api.github.com/repos/shibukawa/imagesize_py/git/blobs{/sha},https://api.github.com/repos/shibukawa/imagesize_py/git/tags{/sha},https://api.github.com/repos/shibukawa/imagesize_py/git/refs{/sha},https://api.github.com/repos/shibukawa/imagesize_py/git/trees{/sha},https://api.github.com/repos/shibukawa/imagesize_py/statuses/{sha},https://api.github.com/repos/shibukawa/imagesize_py/languages,https://api.github.com/repos/shibukawa/imagesize_py/stargazers,https://api.github.com/repos/shibukawa/imagesize_py/contributors,https://api.github.com/repos/shibukawa/imagesize_py/subscribers,https://api.github.com/repos/shibukawa/imagesize_py/subscription,https://api.github.com/repos/shibukawa/imagesize_py/commits{/sha},https://api.github.com/repos/shibukawa/imagesize_py/git/commits{/sha},https://api.github.com/repos/shibukawa/imagesize_py/comments{/number},https://api.github.com/repos/shibukawa/imagesize_py/issues/comments{/number},https://api.github.com/repos/shibukawa/imagesize_py/contents/{+path},https://api.github.com/repos/shibukawa/imagesize_py/compare/{base}...{head},https://api.github.com/repos/shibukawa/imagesize_py/merges,https://api.github.com/repos/shibukawa/imagesize_py/{archive_format}{/ref},https://api.github.com/repos/shibukawa/imagesize_py/downloads,https://api.github.com/repos/shibukawa/imagesize_py/issues{/number},https://api.github.com/repos/shibukawa/imagesize_py/pulls{/number},https://api.github.com/repos/shibukawa/imagesize_py/milestones{/number},"https://api.github.com/repos/shibukawa/imagesize_py/notifications{?since,all,participating}",https://api.github.com/repos/shibukawa/imagesize_py/labels{/name},https://api.github.com/repos/shibukawa/imagesize_py/releases{/id},https://api.github.com/repos/shibukawa/imagesize_py/deployments,2016-02-01T07:42:13Z,2020-07-20T07:46:21Z,2020-03-11T13:24:34Z,git://github.com/shibukawa/imagesize_py.git,git@github.com:shibukawa/imagesize_py.git,https://github.com/shibukawa/imagesize_py.git,https://github.com/shibukawa/imagesize_py,null,1509,67,67,Python,true,true,true,true,false,23,null,false,false,14,mit,MIT License,MIT,https://api.github.com/licenses/mit,MDc6TGljZW5zZTEz,23,14,67,master,"{""key"":""mit"",""name"":""MIT License"",""spdx_id"":""MIT"",""url"":""https://api.github.com/licenses/mit"",""node_id"":""MDc6TGljZW5zZTEz""}"
155576567,MDEwOlJlcG9zaXRvcnkxNTU1NzY1Njc=,one-python-craftsman,piglei/one-python-craftsman,false,piglei,731266,MDQ6VXNlcjczMTI2Ng==,https://avatars1.githubusercontent.com/u/731266?v=4,,https://api.github.com/users/piglei,https://github.com/piglei,https://api.github.com/users/piglei/followers,https://api.github.com/users/piglei/following{/other_user},https://api.github.com/users/piglei/gists{/gist_id},https://api.github.com/users/piglei/starred{/owner}{/repo},https://api.github.com/users/piglei/subscriptions,https://api.github.com/users/piglei/orgs,https://api.github.com/users/piglei/repos,https://api.github.com/users/piglei/events{/privacy},https://api.github.com/users/piglei/received_events,User,false,https://github.com/piglei/one-python-craftsman,Êù•Ëá™‰∏Ä‰Ωç Pythonista ÁöÑÁºñÁ®ãÁªèÈ™åÂàÜ‰∫´ÔºåÂÜÖÂÆπÊ∂µÁõñÁºñÁ†ÅÊäÄÂ∑ß„ÄÅÊúÄ‰Ω≥ÂÆûË∑µ‰∏éÊÄùÁª¥Ê®°ÂºèÁ≠âÊñπÈù¢„ÄÇ,false,https://api.github.com/repos/piglei/one-python-craftsman,https://api.github.com/repos/piglei/one-python-craftsman/forks,https://api.github.com/repos/piglei/one-python-craftsman/keys{/key_id},https://api.github.com/repos/piglei/one-python-craftsman/collaborators{/collaborator},https://api.github.com/repos/piglei/one-python-craftsman/teams,https://api.github.com/repos/piglei/one-python-craftsman/hooks,https://api.github.com/repos/piglei/one-python-craftsman/issues/events{/number},https://api.github.com/repos/piglei/one-python-craftsman/events,https://api.github.com/repos/piglei/one-python-craftsman/assignees{/user},https://api.github.com/repos/piglei/one-python-craftsman/branches{/branch},https://api.github.com/repos/piglei/one-python-craftsman/tags,https://api.github.com/repos/piglei/one-python-craftsman/git/blobs{/sha},https://api.github.com/repos/piglei/one-python-craftsman/git/tags{/sha},https://api.github.com/repos/piglei/one-python-craftsman/git/refs{/sha},https://api.github.com/repos/piglei/one-python-craftsman/git/trees{/sha},https://api.github.com/repos/piglei/one-python-craftsman/statuses/{sha},https://api.github.com/repos/piglei/one-python-craftsman/languages,https://api.github.com/repos/piglei/one-python-craftsman/stargazers,https://api.github.com/repos/piglei/one-python-craftsman/contributors,https://api.github.com/repos/piglei/one-python-craftsman/subscribers,https://api.github.com/repos/piglei/one-python-craftsman/subscription,https://api.github.com/repos/piglei/one-python-craftsman/commits{/sha},https://api.github.com/repos/piglei/one-python-craftsman/git/commits{/sha},https://api.github.com/repos/piglei/one-python-craftsman/comments{/number},https://api.github.com/repos/piglei/one-python-craftsman/issues/comments{/number},https://api.github.com/repos/piglei/one-python-craftsman/contents/{+path},https://api.github.com/repos/piglei/one-python-craftsman/compare/{base}...{head},https://api.github.com/repos/piglei/one-python-craftsman/merges,https://api.github.com/repos/piglei/one-python-craftsman/{archive_format}{/ref},https://api.github.com/repos/piglei/one-python-craftsman/downloads,https://api.github.com/repos/piglei/one-python-craftsman/issues{/number},https://api.github.com/repos/piglei/one-python-craftsman/pulls{/number},https://api.github.com/repos/piglei/one-python-craftsman/milestones{/number},"https://api.github.com/repos/piglei/one-python-craftsman/notifications{?since,all,participating}",https://api.github.com/repos/piglei/one-python-craftsman/labels{/name},https://api.github.com/repos/piglei/one-python-craftsman/releases{/id},https://api.github.com/repos/piglei/one-python-craftsman/deployments,2018-10-31T15:03:16Z,2020-07-28T15:30:29Z,2020-07-15T05:59:30Z,git://github.com/piglei/one-python-craftsman.git,git@github.com:piglei/one-python-craftsman.git,https://github.com/piglei/one-python-craftsman.git,https://github.com/piglei/one-python-craftsman,https://www.zlovezl.cn,341,2723,2723,null,true,true,true,true,false,449,null,false,false,3,apache-2.0,Apache License 2.0,Apache-2.0,https://api.github.com/licenses/apache-2.0,MDc6TGljZW5zZTI=,449,3,2723,master,"{""key"":""apache-2.0"",""name"":""Apache License 2.0"",""spdx_id"":""Apache-2.0"",""url"":""https://api.github.com/licenses/apache-2.0"",""node_id"":""MDc6TGljZW5zZTI=""}"
33041711,MDEwOlJlcG9zaXRvcnkzMzA0MTcxMQ==,How-To-Ask-Questions-The-Smart-Way,ryanhanwu/How-To-Ask-Questions-The-Smart-Way,false,ryanhanwu,371111,MDQ6VXNlcjM3MTExMQ==,https://avatars2.githubusercontent.com/u/371111?v=4,,https://api.github.com/users/ryanhanwu,https://github.com/ryanhanwu,https://api.github.com/users/ryanhanwu/followers,https://api.github.com/users/ryanhanwu/following{/other_user},https://api.github.com/users/ryanhanwu/gists{/gist_id},https://api.github.com/users/ryanhanwu/starred{/owner}{/repo},https://api.github.com/users/ryanhanwu/subscriptions,https://api.github.com/users/ryanhanwu/orgs,https://api.github.com/users/ryanhanwu/repos,https://api.github.com/users/ryanhanwu/events{/privacy},https://api.github.com/users/ryanhanwu/received_events,User,false,https://github.com/ryanhanwu/How-To-Ask-Questions-The-Smart-Way,Êú¨ÊñáÂéüÊñáÁî±Áü•Âêç Hacker Eric S. Raymond ÊâÄÊí∞ÂØ´ÔºåÊïô‰Ω†Â¶Ç‰ΩïÊ≠£Á¢∫ÁöÑÊèêÂá∫ÊäÄË°ìÂïèÈ°å‰∏¶Áç≤Âæó‰Ω†ÊªøÊÑèÁöÑÁ≠îÊ°à„ÄÇ,false,https://api.github.com/repos/ryanhanwu/How-To-Ask-Questions-The-Smart-Way,https://api.github.com/repos/ryanhanwu/How-To-Ask-Questions-The-Smart-Way/forks,https://api.github.com/repos/ryanhanwu/How-To-Ask-Questions-The-Smart-Way/keys{/key_id},https://api.github.com/repos/ryanhanwu/How-To-Ask-Questions-The-Smart-Way/collaborators{/collaborator},https://api.github.com/repos/ryanhanwu/How-To-Ask-Questions-The-Smart-Way/teams,https://api.github.com/repos/ryanhanwu/How-To-Ask-Questions-The-Smart-Way/hooks,https://api.github.com/repos/ryanhanwu/How-To-Ask-Questions-The-Smart-Way/issues/events{/number},https://api.github.com/repos/ryanhanwu/How-To-Ask-Questions-The-Smart-Way/events,https://api.github.com/repos/ryanhanwu/How-To-Ask-Questions-The-Smart-Way/assignees{/user},https://api.github.com/repos/ryanhanwu/How-To-Ask-Questions-The-Smart-Way/branches{/branch},https://api.github.com/repos/ryanhanwu/How-To-Ask-Questions-The-Smart-Way/tags,https://api.github.com/repos/ryanhanwu/How-To-Ask-Questions-The-Smart-Way/git/blobs{/sha},https://api.github.com/repos/ryanhanwu/How-To-Ask-Questions-The-Smart-Way/git/tags{/sha},https://api.github.com/repos/ryanhanwu/How-To-Ask-Questions-The-Smart-Way/git/refs{/sha},https://api.github.com/repos/ryanhanwu/How-To-Ask-Questions-The-Smart-Way/git/trees{/sha},https://api.github.com/repos/ryanhanwu/How-To-Ask-Questions-The-Smart-Way/statuses/{sha},https://api.github.com/repos/ryanhanwu/How-To-Ask-Questions-The-Smart-Way/languages,https://api.github.com/repos/ryanhanwu/How-To-Ask-Questions-The-Smart-Way/stargazers,https://api.github.com/repos/ryanhanwu/How-To-Ask-Questions-The-Smart-Way/contributors,https://api.github.com/repos/ryanhanwu/How-To-Ask-Questions-The-Smart-Way/subscribers,https://api.github.com/repos/ryanhanwu/How-To-Ask-Questions-The-Smart-Way/subscription,https://api.github.com/repos/ryanhanwu/How-To-Ask-Questions-The-Smart-Way/commits{/sha},https://api.github.com/repos/ryanhanwu/How-To-Ask-Questions-The-Smart-Way/git/commits{/sha},https://api.github.com/repos/ryanhanwu/How-To-Ask-Questions-The-Smart-Way/comments{/number},https://api.github.com/repos/ryanhanwu/How-To-Ask-Questions-The-Smart-Way/issues/comments{/number},https://api.github.com/repos/ryanhanwu/How-To-Ask-Questions-The-Smart-Way/contents/{+path},https://api.github.com/repos/ryanhanwu/How-To-Ask-Questions-The-Smart-Way/compare/{base}...{head},https://api.github.com/repos/ryanhanwu/How-To-Ask-Questions-The-Smart-Way/merges,https://api.github.com/repos/ryanhanwu/How-To-Ask-Questions-The-Smart-Way/{archive_format}{/ref},https://api.github.com/repos/ryanhanwu/How-To-Ask-Questions-The-Smart-Way/downloads,https://api.github.com/repos/ryanhanwu/How-To-Ask-Questions-The-Smart-Way/issues{/number},https://api.github.com/repos/ryanhanwu/How-To-Ask-Questions-The-Smart-Way/pulls{/number},https://api.github.com/repos/ryanhanwu/How-To-Ask-Questions-The-Smart-Way/milestones{/number},"https://api.github.com/repos/ryanhanwu/How-To-Ask-Questions-The-Smart-Way/notifications{?since,all,participating}",https://api.github.com/repos/ryanhanwu/How-To-Ask-Questions-The-Smart-Way/labels{/name},https://api.github.com/repos/ryanhanwu/How-To-Ask-Questions-The-Smart-Way/releases{/id},https://api.github.com/repos/ryanhanwu/How-To-Ask-Questions-The-Smart-Way/deployments,2015-03-28T16:52:40Z,2020-07-29T03:53:34Z,2020-07-12T08:19:16Z,git://github.com/ryanhanwu/How-To-Ask-Questions-The-Smart-Way.git,git@github.com:ryanhanwu/How-To-Ask-Questions-The-Smart-Way.git,https://github.com/ryanhanwu/How-To-Ask-Questions-The-Smart-Way.git,https://github.com/ryanhanwu/How-To-Ask-Questions-The-Smart-Way,,258,11968,11968,JavaScript,true,true,false,false,false,3225,null,false,false,5,mit,MIT License,MIT,https://api.github.com/licenses/mit,MDc6TGljZW5zZTEz,3225,5,11968,master,"{""key"":""mit"",""name"":""MIT License"",""spdx_id"":""MIT"",""url"":""https://api.github.com/licenses/mit"",""node_id"":""MDc6TGljZW5zZTEz""}"
6135141,MDEwOlJlcG9zaXRvcnk2MTM1MTQx,constants,3kwa/constants,false,3kwa,470905,MDQ6VXNlcjQ3MDkwNQ==,https://avatars3.githubusercontent.com/u/470905?v=4,,https://api.github.com/users/3kwa,https://github.com/3kwa,https://api.github.com/users/3kwa/followers,https://api.github.com/users/3kwa/following{/other_user},https://api.github.com/users/3kwa/gists{/gist_id},https://api.github.com/users/3kwa/starred{/owner}{/repo},https://api.github.com/users/3kwa/subscriptions,https://api.github.com/users/3kwa/orgs,https://api.github.com/users/3kwa/repos,https://api.github.com/users/3kwa/events{/privacy},https://api.github.com/users/3kwa/received_events,User,false,https://github.com/3kwa/constants,multi-environments application constants python module,false,https://api.github.com/repos/3kwa/constants,https://api.github.com/repos/3kwa/constants/forks,https://api.github.com/repos/3kwa/constants/keys{/key_id},https://api.github.com/repos/3kwa/constants/collaborators{/collaborator},https://api.github.com/repos/3kwa/constants/teams,https://api.github.com/repos/3kwa/constants/hooks,https://api.github.com/repos/3kwa/constants/issues/events{/number},https://api.github.com/repos/3kwa/constants/events,https://api.github.com/repos/3kwa/constants/assignees{/user},https://api.github.com/repos/3kwa/constants/branches{/branch},https://api.github.com/repos/3kwa/constants/tags,https://api.github.com/repos/3kwa/constants/git/blobs{/sha},https://api.github.com/repos/3kwa/constants/git/tags{/sha},https://api.github.com/repos/3kwa/constants/git/refs{/sha},https://api.github.com/repos/3kwa/constants/git/trees{/sha},https://api.github.com/repos/3kwa/constants/statuses/{sha},https://api.github.com/repos/3kwa/constants/languages,https://api.github.com/repos/3kwa/constants/stargazers,https://api.github.com/repos/3kwa/constants/contributors,https://api.github.com/repos/3kwa/constants/subscribers,https://api.github.com/repos/3kwa/constants/subscription,https://api.github.com/repos/3kwa/constants/commits{/sha},https://api.github.com/repos/3kwa/constants/git/commits{/sha},https://api.github.com/repos/3kwa/constants/comments{/number},https://api.github.com/repos/3kwa/constants/issues/comments{/number},https://api.github.com/repos/3kwa/constants/contents/{+path},https://api.github.com/repos/3kwa/constants/compare/{base}...{head},https://api.github.com/repos/3kwa/constants/merges,https://api.github.com/repos/3kwa/constants/{archive_format}{/ref},https://api.github.com/repos/3kwa/constants/downloads,https://api.github.com/repos/3kwa/constants/issues{/number},https://api.github.com/repos/3kwa/constants/pulls{/number},https://api.github.com/repos/3kwa/constants/milestones{/number},"https://api.github.com/repos/3kwa/constants/notifications{?since,all,participating}",https://api.github.com/repos/3kwa/constants/labels{/name},https://api.github.com/repos/3kwa/constants/releases{/id},https://api.github.com/repos/3kwa/constants/deployments,2012-10-09T04:01:45Z,2019-12-11T09:03:58Z,2012-11-15T10:38:05Z,git://github.com/3kwa/constants.git,git@github.com:3kwa/constants.git,https://github.com/3kwa/constants.git,https://github.com/3kwa/constants,null,195,3,3,Python,true,true,true,true,false,1,null,false,false,0,other,Other,NOASSERTION,null,MDc6TGljZW5zZTA=,1,0,3,master,"{""key"":""other"",""name"":""Other"",""spdx_id"":""NOASSERTION"",""url"":null,""node_id"":""MDc6TGljZW5zZTA=""}"
83222441,MDEwOlJlcG9zaXRvcnk4MzIyMjQ0MQ==,system-design-primer,donnemartin/system-design-primer,false,donnemartin,5458997,MDQ6VXNlcjU0NTg5OTc=,https://avatars2.githubusercontent.com/u/5458997?v=4,,https://api.github.com/users/donnemartin,https://github.com/donnemartin,https://api.github.com/users/donnemartin/followers,https://api.github.com/users/donnemartin/following{/other_user},https://api.github.com/users/donnemartin/gists{/gist_id},https://api.github.com/users/donnemartin/starred{/owner}{/repo},https://api.github.com/users/donnemartin/subscriptions,https://api.github.com/users/donnemartin/orgs,https://api.github.com/users/donnemartin/repos,https://api.github.com/users/donnemartin/events{/privacy},https://api.github.com/users/donnemartin/received_events,User,false,https://github.com/donnemartin/system-design-primer,Learn how to design large-scale systems. Prep for the system design interview.  Includes Anki flashcards.,false,https://api.github.com/repos/donnemartin/system-design-primer,https://api.github.com/repos/donnemartin/system-design-primer/forks,https://api.github.com/repos/donnemartin/system-design-primer/keys{/key_id},https://api.github.com/repos/donnemartin/system-design-primer/collaborators{/collaborator},https://api.github.com/repos/donnemartin/system-design-primer/teams,https://api.github.com/repos/donnemartin/system-design-primer/hooks,https://api.github.com/repos/donnemartin/system-design-primer/issues/events{/number},https://api.github.com/repos/donnemartin/system-design-primer/events,https://api.github.com/repos/donnemartin/system-design-primer/assignees{/user},https://api.github.com/repos/donnemartin/system-design-primer/branches{/branch},https://api.github.com/repos/donnemartin/system-design-primer/tags,https://api.github.com/repos/donnemartin/system-design-primer/git/blobs{/sha},https://api.github.com/repos/donnemartin/system-design-primer/git/tags{/sha},https://api.github.com/repos/donnemartin/system-design-primer/git/refs{/sha},https://api.github.com/repos/donnemartin/system-design-primer/git/trees{/sha},https://api.github.com/repos/donnemartin/system-design-primer/statuses/{sha},https://api.github.com/repos/donnemartin/system-design-primer/languages,https://api.github.com/repos/donnemartin/system-design-primer/stargazers,https://api.github.com/repos/donnemartin/system-design-primer/contributors,https://api.github.com/repos/donnemartin/system-design-primer/subscribers,https://api.github.com/repos/donnemartin/system-design-primer/subscription,https://api.github.com/repos/donnemartin/system-design-primer/commits{/sha},https://api.github.com/repos/donnemartin/system-design-primer/git/commits{/sha},https://api.github.com/repos/donnemartin/system-design-primer/comments{/number},https://api.github.com/repos/donnemartin/system-design-primer/issues/comments{/number},https://api.github.com/repos/donnemartin/system-design-primer/contents/{+path},https://api.github.com/repos/donnemartin/system-design-primer/compare/{base}...{head},https://api.github.com/repos/donnemartin/system-design-primer/merges,https://api.github.com/repos/donnemartin/system-design-primer/{archive_format}{/ref},https://api.github.com/repos/donnemartin/system-design-primer/downloads,https://api.github.com/repos/donnemartin/system-design-primer/issues{/number},https://api.github.com/repos/donnemartin/system-design-primer/pulls{/number},https://api.github.com/repos/donnemartin/system-design-primer/milestones{/number},"https://api.github.com/repos/donnemartin/system-design-primer/notifications{?since,all,participating}",https://api.github.com/repos/donnemartin/system-design-primer/labels{/name},https://api.github.com/repos/donnemartin/system-design-primer/releases{/id},https://api.github.com/repos/donnemartin/system-design-primer/deployments,2017-02-26T16:15:28Z,2020-07-29T04:01:03Z,2020-07-26T13:07:36Z,git://github.com/donnemartin/system-design-primer.git,git@github.com:donnemartin/system-design-primer.git,https://github.com/donnemartin/system-design-primer.git,https://github.com/donnemartin/system-design-primer,,11061,102785,102785,Python,true,true,true,true,false,18300,null,false,false,137,other,Other,NOASSERTION,null,MDc6TGljZW5zZTA=,18300,137,102785,master,"{""key"":""other"",""name"":""Other"",""spdx_id"":""NOASSERTION"",""url"":null,""node_id"":""MDc6TGljZW5zZTA=""}"
101138315,MDEwOlJlcG9zaXRvcnkxMDExMzgzMTU=,d2l-zh,d2l-ai/d2l-zh,false,d2l-ai,43974506,MDEyOk9yZ2FuaXphdGlvbjQzOTc0NTA2,https://avatars0.githubusercontent.com/u/43974506?v=4,,https://api.github.com/users/d2l-ai,https://github.com/d2l-ai,https://api.github.com/users/d2l-ai/followers,https://api.github.com/users/d2l-ai/following{/other_user},https://api.github.com/users/d2l-ai/gists{/gist_id},https://api.github.com/users/d2l-ai/starred{/owner}{/repo},https://api.github.com/users/d2l-ai/subscriptions,https://api.github.com/users/d2l-ai/orgs,https://api.github.com/users/d2l-ai/repos,https://api.github.com/users/d2l-ai/events{/privacy},https://api.github.com/users/d2l-ai/received_events,Organization,false,https://github.com/d2l-ai/d2l-zh,„ÄäÂä®ÊâãÂ≠¶Ê∑±Â∫¶Â≠¶‰π†„ÄãÔºöÈù¢Âêë‰∏≠ÊñáËØªËÄÖ„ÄÅËÉΩËøêË°å„ÄÅÂèØËÆ®ËÆ∫„ÄÇËã±ÊñáÁâàÂç≥‰ºØÂÖãÂà©‚ÄúÊ∑±Â∫¶Â≠¶‰π†ÂØºËÆ∫‚ÄùÊïôÊùê„ÄÇ,false,https://api.github.com/repos/d2l-ai/d2l-zh,https://api.github.com/repos/d2l-ai/d2l-zh/forks,https://api.github.com/repos/d2l-ai/d2l-zh/keys{/key_id},https://api.github.com/repos/d2l-ai/d2l-zh/collaborators{/collaborator},https://api.github.com/repos/d2l-ai/d2l-zh/teams,https://api.github.com/repos/d2l-ai/d2l-zh/hooks,https://api.github.com/repos/d2l-ai/d2l-zh/issues/events{/number},https://api.github.com/repos/d2l-ai/d2l-zh/events,https://api.github.com/repos/d2l-ai/d2l-zh/assignees{/user},https://api.github.com/repos/d2l-ai/d2l-zh/branches{/branch},https://api.github.com/repos/d2l-ai/d2l-zh/tags,https://api.github.com/repos/d2l-ai/d2l-zh/git/blobs{/sha},https://api.github.com/repos/d2l-ai/d2l-zh/git/tags{/sha},https://api.github.com/repos/d2l-ai/d2l-zh/git/refs{/sha},https://api.github.com/repos/d2l-ai/d2l-zh/git/trees{/sha},https://api.github.com/repos/d2l-ai/d2l-zh/statuses/{sha},https://api.github.com/repos/d2l-ai/d2l-zh/languages,https://api.github.com/repos/d2l-ai/d2l-zh/stargazers,https://api.github.com/repos/d2l-ai/d2l-zh/contributors,https://api.github.com/repos/d2l-ai/d2l-zh/subscribers,https://api.github.com/repos/d2l-ai/d2l-zh/subscription,https://api.github.com/repos/d2l-ai/d2l-zh/commits{/sha},https://api.github.com/repos/d2l-ai/d2l-zh/git/commits{/sha},https://api.github.com/repos/d2l-ai/d2l-zh/comments{/number},https://api.github.com/repos/d2l-ai/d2l-zh/issues/comments{/number},https://api.github.com/repos/d2l-ai/d2l-zh/contents/{+path},https://api.github.com/repos/d2l-ai/d2l-zh/compare/{base}...{head},https://api.github.com/repos/d2l-ai/d2l-zh/merges,https://api.github.com/repos/d2l-ai/d2l-zh/{archive_format}{/ref},https://api.github.com/repos/d2l-ai/d2l-zh/downloads,https://api.github.com/repos/d2l-ai/d2l-zh/issues{/number},https://api.github.com/repos/d2l-ai/d2l-zh/pulls{/number},https://api.github.com/repos/d2l-ai/d2l-zh/milestones{/number},"https://api.github.com/repos/d2l-ai/d2l-zh/notifications{?since,all,participating}",https://api.github.com/repos/d2l-ai/d2l-zh/labels{/name},https://api.github.com/repos/d2l-ai/d2l-zh/releases{/id},https://api.github.com/repos/d2l-ai/d2l-zh/deployments,2017-08-23T04:40:24Z,2020-07-29T02:16:33Z,2020-07-29T02:38:21Z,git://github.com/d2l-ai/d2l-zh.git,git@github.com:d2l-ai/d2l-zh.git,https://github.com/d2l-ai/d2l-zh.git,https://github.com/d2l-ai/d2l-zh,http://zh.d2l.ai,188712,18204,18204,Python,false,false,true,false,false,4695,null,false,false,4,apache-2.0,Apache License 2.0,Apache-2.0,https://api.github.com/licenses/apache-2.0,MDc6TGljZW5zZTI=,4695,4,18204,master,"{""key"":""apache-2.0"",""name"":""Apache License 2.0"",""spdx_id"":""Apache-2.0"",""url"":""https://api.github.com/licenses/apache-2.0"",""node_id"":""MDc6TGljZW5zZTI=""}"
83286964,MDEwOlJlcG9zaXRvcnk4MzI4Njk2NA==,mlcourse.ai,Yorko/mlcourse.ai,false,Yorko,3973673,MDQ6VXNlcjM5NzM2NzM=,https://avatars0.githubusercontent.com/u/3973673?v=4,,https://api.github.com/users/Yorko,https://github.com/Yorko,https://api.github.com/users/Yorko/followers,https://api.github.com/users/Yorko/following{/other_user},https://api.github.com/users/Yorko/gists{/gist_id},https://api.github.com/users/Yorko/starred{/owner}{/repo},https://api.github.com/users/Yorko/subscriptions,https://api.github.com/users/Yorko/orgs,https://api.github.com/users/Yorko/repos,https://api.github.com/users/Yorko/events{/privacy},https://api.github.com/users/Yorko/received_events,User,false,https://github.com/Yorko/mlcourse.ai,Open Machine Learning Course,false,https://api.github.com/repos/Yorko/mlcourse.ai,https://api.github.com/repos/Yorko/mlcourse.ai/forks,https://api.github.com/repos/Yorko/mlcourse.ai/keys{/key_id},https://api.github.com/repos/Yorko/mlcourse.ai/collaborators{/collaborator},https://api.github.com/repos/Yorko/mlcourse.ai/teams,https://api.github.com/repos/Yorko/mlcourse.ai/hooks,https://api.github.com/repos/Yorko/mlcourse.ai/issues/events{/number},https://api.github.com/repos/Yorko/mlcourse.ai/events,https://api.github.com/repos/Yorko/mlcourse.ai/assignees{/user},https://api.github.com/repos/Yorko/mlcourse.ai/branches{/branch},https://api.github.com/repos/Yorko/mlcourse.ai/tags,https://api.github.com/repos/Yorko/mlcourse.ai/git/blobs{/sha},https://api.github.com/repos/Yorko/mlcourse.ai/git/tags{/sha},https://api.github.com/repos/Yorko/mlcourse.ai/git/refs{/sha},https://api.github.com/repos/Yorko/mlcourse.ai/git/trees{/sha},https://api.github.com/repos/Yorko/mlcourse.ai/statuses/{sha},https://api.github.com/repos/Yorko/mlcourse.ai/languages,https://api.github.com/repos/Yorko/mlcourse.ai/stargazers,https://api.github.com/repos/Yorko/mlcourse.ai/contributors,https://api.github.com/repos/Yorko/mlcourse.ai/subscribers,https://api.github.com/repos/Yorko/mlcourse.ai/subscription,https://api.github.com/repos/Yorko/mlcourse.ai/commits{/sha},https://api.github.com/repos/Yorko/mlcourse.ai/git/commits{/sha},https://api.github.com/repos/Yorko/mlcourse.ai/comments{/number},https://api.github.com/repos/Yorko/mlcourse.ai/issues/comments{/number},https://api.github.com/repos/Yorko/mlcourse.ai/contents/{+path},https://api.github.com/repos/Yorko/mlcourse.ai/compare/{base}...{head},https://api.github.com/repos/Yorko/mlcourse.ai/merges,https://api.github.com/repos/Yorko/mlcourse.ai/{archive_format}{/ref},https://api.github.com/repos/Yorko/mlcourse.ai/downloads,https://api.github.com/repos/Yorko/mlcourse.ai/issues{/number},https://api.github.com/repos/Yorko/mlcourse.ai/pulls{/number},https://api.github.com/repos/Yorko/mlcourse.ai/milestones{/number},"https://api.github.com/repos/Yorko/mlcourse.ai/notifications{?since,all,participating}",https://api.github.com/repos/Yorko/mlcourse.ai/labels{/name},https://api.github.com/repos/Yorko/mlcourse.ai/releases{/id},https://api.github.com/repos/Yorko/mlcourse.ai/deployments,2017-02-27T08:32:20Z,2020-07-28T17:49:20Z,2020-07-01T09:29:01Z,git://github.com/Yorko/mlcourse.ai.git,git@github.com:Yorko/mlcourse.ai.git,https://github.com/Yorko/mlcourse.ai.git,https://github.com/Yorko/mlcourse.ai,https://mlcourse.ai,656635,7052,7052,Python,true,false,true,true,false,4646,null,false,false,0,other,Other,NOASSERTION,null,MDc6TGljZW5zZTA=,4646,0,7052,master,"{""key"":""other"",""name"":""Other"",""spdx_id"":""NOASSERTION"",""url"":null,""node_id"":""MDc6TGljZW5zZTA=""}"
118858739,MDEwOlJlcG9zaXRvcnkxMTg4NTg3Mzk=,hacker-laws,dwmkerr/hacker-laws,false,dwmkerr,1926984,MDQ6VXNlcjE5MjY5ODQ=,https://avatars2.githubusercontent.com/u/1926984?v=4,,https://api.github.com/users/dwmkerr,https://github.com/dwmkerr,https://api.github.com/users/dwmkerr/followers,https://api.github.com/users/dwmkerr/following{/other_user},https://api.github.com/users/dwmkerr/gists{/gist_id},https://api.github.com/users/dwmkerr/starred{/owner}{/repo},https://api.github.com/users/dwmkerr/subscriptions,https://api.github.com/users/dwmkerr/orgs,https://api.github.com/users/dwmkerr/repos,https://api.github.com/users/dwmkerr/events{/privacy},https://api.github.com/users/dwmkerr/received_events,User,false,https://github.com/dwmkerr/hacker-laws,"üíªüìñ Laws, Theories, Principles and Patterns that developers will find useful. #hackerlaws",false,https://api.github.com/repos/dwmkerr/hacker-laws,https://api.github.com/repos/dwmkerr/hacker-laws/forks,https://api.github.com/repos/dwmkerr/hacker-laws/keys{/key_id},https://api.github.com/repos/dwmkerr/hacker-laws/collaborators{/collaborator},https://api.github.com/repos/dwmkerr/hacker-laws/teams,https://api.github.com/repos/dwmkerr/hacker-laws/hooks,https://api.github.com/repos/dwmkerr/hacker-laws/issues/events{/number},https://api.github.com/repos/dwmkerr/hacker-laws/events,https://api.github.com/repos/dwmkerr/hacker-laws/assignees{/user},https://api.github.com/repos/dwmkerr/hacker-laws/branches{/branch},https://api.github.com/repos/dwmkerr/hacker-laws/tags,https://api.github.com/repos/dwmkerr/hacker-laws/git/blobs{/sha},https://api.github.com/repos/dwmkerr/hacker-laws/git/tags{/sha},https://api.github.com/repos/dwmkerr/hacker-laws/git/refs{/sha},https://api.github.com/repos/dwmkerr/hacker-laws/git/trees{/sha},https://api.github.com/repos/dwmkerr/hacker-laws/statuses/{sha},https://api.github.com/repos/dwmkerr/hacker-laws/languages,https://api.github.com/repos/dwmkerr/hacker-laws/stargazers,https://api.github.com/repos/dwmkerr/hacker-laws/contributors,https://api.github.com/repos/dwmkerr/hacker-laws/subscribers,https://api.github.com/repos/dwmkerr/hacker-laws/subscription,https://api.github.com/repos/dwmkerr/hacker-laws/commits{/sha},https://api.github.com/repos/dwmkerr/hacker-laws/git/commits{/sha},https://api.github.com/repos/dwmkerr/hacker-laws/comments{/number},https://api.github.com/repos/dwmkerr/hacker-laws/issues/comments{/number},https://api.github.com/repos/dwmkerr/hacker-laws/contents/{+path},https://api.github.com/repos/dwmkerr/hacker-laws/compare/{base}...{head},https://api.github.com/repos/dwmkerr/hacker-laws/merges,https://api.github.com/repos/dwmkerr/hacker-laws/{archive_format}{/ref},https://api.github.com/repos/dwmkerr/hacker-laws/downloads,https://api.github.com/repos/dwmkerr/hacker-laws/issues{/number},https://api.github.com/repos/dwmkerr/hacker-laws/pulls{/number},https://api.github.com/repos/dwmkerr/hacker-laws/milestones{/number},"https://api.github.com/repos/dwmkerr/hacker-laws/notifications{?since,all,participating}",https://api.github.com/repos/dwmkerr/hacker-laws/labels{/name},https://api.github.com/repos/dwmkerr/hacker-laws/releases{/id},https://api.github.com/repos/dwmkerr/hacker-laws/deployments,2018-01-25T03:46:34Z,2020-07-29T00:40:04Z,2020-07-28T01:20:31Z,git://github.com/dwmkerr/hacker-laws.git,git@github.com:dwmkerr/hacker-laws.git,https://github.com/dwmkerr/hacker-laws.git,https://github.com/dwmkerr/hacker-laws,,2105,15388,15388,Shell,true,true,true,true,false,931,null,false,false,97,cc-by-sa-4.0,Creative Commons Attribution Share Alike 4.0 International,CC-BY-SA-4.0,https://api.github.com/licenses/cc-by-sa-4.0,MDc6TGljZW5zZTI2,931,97,15388,master,"{""key"":""cc-by-sa-4.0"",""name"":""Creative Commons Attribution Share Alike 4.0 International"",""spdx_id"":""CC-BY-SA-4.0"",""url"":""https://api.github.com/licenses/cc-by-sa-4.0"",""node_id"":""MDc6TGljZW5zZTI2""}"
215415332,MDEwOlJlcG9zaXRvcnkyMTU0MTUzMzI=,HackingNeuralNetworks,Kayzaks/HackingNeuralNetworks,false,Kayzaks,11071537,MDQ6VXNlcjExMDcxNTM3,https://avatars1.githubusercontent.com/u/11071537?v=4,,https://api.github.com/users/Kayzaks,https://github.com/Kayzaks,https://api.github.com/users/Kayzaks/followers,https://api.github.com/users/Kayzaks/following{/other_user},https://api.github.com/users/Kayzaks/gists{/gist_id},https://api.github.com/users/Kayzaks/starred{/owner}{/repo},https://api.github.com/users/Kayzaks/subscriptions,https://api.github.com/users/Kayzaks/orgs,https://api.github.com/users/Kayzaks/repos,https://api.github.com/users/Kayzaks/events{/privacy},https://api.github.com/users/Kayzaks/received_events,User,false,https://github.com/Kayzaks/HackingNeuralNetworks,A small course on exploiting and defending neural networks,false,https://api.github.com/repos/Kayzaks/HackingNeuralNetworks,https://api.github.com/repos/Kayzaks/HackingNeuralNetworks/forks,https://api.github.com/repos/Kayzaks/HackingNeuralNetworks/keys{/key_id},https://api.github.com/repos/Kayzaks/HackingNeuralNetworks/collaborators{/collaborator},https://api.github.com/repos/Kayzaks/HackingNeuralNetworks/teams,https://api.github.com/repos/Kayzaks/HackingNeuralNetworks/hooks,https://api.github.com/repos/Kayzaks/HackingNeuralNetworks/issues/events{/number},https://api.github.com/repos/Kayzaks/HackingNeuralNetworks/events,https://api.github.com/repos/Kayzaks/HackingNeuralNetworks/assignees{/user},https://api.github.com/repos/Kayzaks/HackingNeuralNetworks/branches{/branch},https://api.github.com/repos/Kayzaks/HackingNeuralNetworks/tags,https://api.github.com/repos/Kayzaks/HackingNeuralNetworks/git/blobs{/sha},https://api.github.com/repos/Kayzaks/HackingNeuralNetworks/git/tags{/sha},https://api.github.com/repos/Kayzaks/HackingNeuralNetworks/git/refs{/sha},https://api.github.com/repos/Kayzaks/HackingNeuralNetworks/git/trees{/sha},https://api.github.com/repos/Kayzaks/HackingNeuralNetworks/statuses/{sha},https://api.github.com/repos/Kayzaks/HackingNeuralNetworks/languages,https://api.github.com/repos/Kayzaks/HackingNeuralNetworks/stargazers,https://api.github.com/repos/Kayzaks/HackingNeuralNetworks/contributors,https://api.github.com/repos/Kayzaks/HackingNeuralNetworks/subscribers,https://api.github.com/repos/Kayzaks/HackingNeuralNetworks/subscription,https://api.github.com/repos/Kayzaks/HackingNeuralNetworks/commits{/sha},https://api.github.com/repos/Kayzaks/HackingNeuralNetworks/git/commits{/sha},https://api.github.com/repos/Kayzaks/HackingNeuralNetworks/comments{/number},https://api.github.com/repos/Kayzaks/HackingNeuralNetworks/issues/comments{/number},https://api.github.com/repos/Kayzaks/HackingNeuralNetworks/contents/{+path},https://api.github.com/repos/Kayzaks/HackingNeuralNetworks/compare/{base}...{head},https://api.github.com/repos/Kayzaks/HackingNeuralNetworks/merges,https://api.github.com/repos/Kayzaks/HackingNeuralNetworks/{archive_format}{/ref},https://api.github.com/repos/Kayzaks/HackingNeuralNetworks/downloads,https://api.github.com/repos/Kayzaks/HackingNeuralNetworks/issues{/number},https://api.github.com/repos/Kayzaks/HackingNeuralNetworks/pulls{/number},https://api.github.com/repos/Kayzaks/HackingNeuralNetworks/milestones{/number},"https://api.github.com/repos/Kayzaks/HackingNeuralNetworks/notifications{?since,all,participating}",https://api.github.com/repos/Kayzaks/HackingNeuralNetworks/labels{/name},https://api.github.com/repos/Kayzaks/HackingNeuralNetworks/releases{/id},https://api.github.com/repos/Kayzaks/HackingNeuralNetworks/deployments,2019-10-15T23:33:18Z,2020-07-19T09:38:20Z,2020-02-29T02:16:13Z,git://github.com/Kayzaks/HackingNeuralNetworks.git,git@github.com:Kayzaks/HackingNeuralNetworks.git,https://github.com/Kayzaks/HackingNeuralNetworks.git,https://github.com/Kayzaks/HackingNeuralNetworks,,21090,2255,2255,Python,true,true,true,true,false,258,null,false,false,0,mit,MIT License,MIT,https://api.github.com/licenses/mit,MDc6TGljZW5zZTEz,258,0,2255,master,"{""key"":""mit"",""name"":""MIT License"",""spdx_id"":""MIT"",""url"":""https://api.github.com/licenses/mit"",""node_id"":""MDc6TGljZW5zZTEz""}"
155865162,MDEwOlJlcG9zaXRvcnkxNTU4NjUxNjI=,dat-cp,tom-james-watson/dat-cp,false,tom-james-watson,3852719,MDQ6VXNlcjM4NTI3MTk=,https://avatars2.githubusercontent.com/u/3852719?v=4,,https://api.github.com/users/tom-james-watson,https://github.com/tom-james-watson,https://api.github.com/users/tom-james-watson/followers,https://api.github.com/users/tom-james-watson/following{/other_user},https://api.github.com/users/tom-james-watson/gists{/gist_id},https://api.github.com/users/tom-james-watson/starred{/owner}{/repo},https://api.github.com/users/tom-james-watson/subscriptions,https://api.github.com/users/tom-james-watson/orgs,https://api.github.com/users/tom-james-watson/repos,https://api.github.com/users/tom-james-watson/events{/privacy},https://api.github.com/users/tom-james-watson/received_events,User,false,https://github.com/tom-james-watson/dat-cp,"dcp | Dat Copy - remote file copy, powered by the Dat protocol",false,https://api.github.com/repos/tom-james-watson/dat-cp,https://api.github.com/repos/tom-james-watson/dat-cp/forks,https://api.github.com/repos/tom-james-watson/dat-cp/keys{/key_id},https://api.github.com/repos/tom-james-watson/dat-cp/collaborators{/collaborator},https://api.github.com/repos/tom-james-watson/dat-cp/teams,https://api.github.com/repos/tom-james-watson/dat-cp/hooks,https://api.github.com/repos/tom-james-watson/dat-cp/issues/events{/number},https://api.github.com/repos/tom-james-watson/dat-cp/events,https://api.github.com/repos/tom-james-watson/dat-cp/assignees{/user},https://api.github.com/repos/tom-james-watson/dat-cp/branches{/branch},https://api.github.com/repos/tom-james-watson/dat-cp/tags,https://api.github.com/repos/tom-james-watson/dat-cp/git/blobs{/sha},https://api.github.com/repos/tom-james-watson/dat-cp/git/tags{/sha},https://api.github.com/repos/tom-james-watson/dat-cp/git/refs{/sha},https://api.github.com/repos/tom-james-watson/dat-cp/git/trees{/sha},https://api.github.com/repos/tom-james-watson/dat-cp/statuses/{sha},https://api.github.com/repos/tom-james-watson/dat-cp/languages,https://api.github.com/repos/tom-james-watson/dat-cp/stargazers,https://api.github.com/repos/tom-james-watson/dat-cp/contributors,https://api.github.com/repos/tom-james-watson/dat-cp/subscribers,https://api.github.com/repos/tom-james-watson/dat-cp/subscription,https://api.github.com/repos/tom-james-watson/dat-cp/commits{/sha},https://api.github.com/repos/tom-james-watson/dat-cp/git/commits{/sha},https://api.github.com/repos/tom-james-watson/dat-cp/comments{/number},https://api.github.com/repos/tom-james-watson/dat-cp/issues/comments{/number},https://api.github.com/repos/tom-james-watson/dat-cp/contents/{+path},https://api.github.com/repos/tom-james-watson/dat-cp/compare/{base}...{head},https://api.github.com/repos/tom-james-watson/dat-cp/merges,https://api.github.com/repos/tom-james-watson/dat-cp/{archive_format}{/ref},https://api.github.com/repos/tom-james-watson/dat-cp/downloads,https://api.github.com/repos/tom-james-watson/dat-cp/issues{/number},https://api.github.com/repos/tom-james-watson/dat-cp/pulls{/number},https://api.github.com/repos/tom-james-watson/dat-cp/milestones{/number},"https://api.github.com/repos/tom-james-watson/dat-cp/notifications{?since,all,participating}",https://api.github.com/repos/tom-james-watson/dat-cp/labels{/name},https://api.github.com/repos/tom-james-watson/dat-cp/releases{/id},https://api.github.com/repos/tom-james-watson/dat-cp/deployments,2018-11-02T12:48:47Z,2020-07-27T12:49:49Z,2020-07-16T12:36:10Z,git://github.com/tom-james-watson/dat-cp.git,git@github.com:tom-james-watson/dat-cp.git,https://github.com/tom-james-watson/dat-cp.git,https://github.com/tom-james-watson/dat-cp,,4298,231,231,JavaScript,true,true,true,true,false,11,null,false,false,5,mit,MIT License,MIT,https://api.github.com/licenses/mit,MDc6TGljZW5zZTEz,11,5,231,master,"{""key"":""mit"",""name"":""MIT License"",""spdx_id"":""MIT"",""url"":""https://api.github.com/licenses/mit"",""node_id"":""MDc6TGljZW5zZTEz""}"
104597102,MDEwOlJlcG9zaXRvcnkxMDQ1OTcxMDI=,python-testing-by-examples,otrabalhador/python-testing-by-examples,false,otrabalhador,17598135,MDQ6VXNlcjE3NTk4MTM1,https://avatars0.githubusercontent.com/u/17598135?v=4,,https://api.github.com/users/otrabalhador,https://github.com/otrabalhador,https://api.github.com/users/otrabalhador/followers,https://api.github.com/users/otrabalhador/following{/other_user},https://api.github.com/users/otrabalhador/gists{/gist_id},https://api.github.com/users/otrabalhador/starred{/owner}{/repo},https://api.github.com/users/otrabalhador/subscriptions,https://api.github.com/users/otrabalhador/orgs,https://api.github.com/users/otrabalhador/repos,https://api.github.com/users/otrabalhador/events{/privacy},https://api.github.com/users/otrabalhador/received_events,User,false,https://github.com/otrabalhador/python-testing-by-examples,Tutorials for Python unity test with examples. But you can also call me the holy fucking grail of Python unit testing.,false,https://api.github.com/repos/otrabalhador/python-testing-by-examples,https://api.github.com/repos/otrabalhador/python-testing-by-examples/forks,https://api.github.com/repos/otrabalhador/python-testing-by-examples/keys{/key_id},https://api.github.com/repos/otrabalhador/python-testing-by-examples/collaborators{/collaborator},https://api.github.com/repos/otrabalhador/python-testing-by-examples/teams,https://api.github.com/repos/otrabalhador/python-testing-by-examples/hooks,https://api.github.com/repos/otrabalhador/python-testing-by-examples/issues/events{/number},https://api.github.com/repos/otrabalhador/python-testing-by-examples/events,https://api.github.com/repos/otrabalhador/python-testing-by-examples/assignees{/user},https://api.github.com/repos/otrabalhador/python-testing-by-examples/branches{/branch},https://api.github.com/repos/otrabalhador/python-testing-by-examples/tags,https://api.github.com/repos/otrabalhador/python-testing-by-examples/git/blobs{/sha},https://api.github.com/repos/otrabalhador/python-testing-by-examples/git/tags{/sha},https://api.github.com/repos/otrabalhador/python-testing-by-examples/git/refs{/sha},https://api.github.com/repos/otrabalhador/python-testing-by-examples/git/trees{/sha},https://api.github.com/repos/otrabalhador/python-testing-by-examples/statuses/{sha},https://api.github.com/repos/otrabalhador/python-testing-by-examples/languages,https://api.github.com/repos/otrabalhador/python-testing-by-examples/stargazers,https://api.github.com/repos/otrabalhador/python-testing-by-examples/contributors,https://api.github.com/repos/otrabalhador/python-testing-by-examples/subscribers,https://api.github.com/repos/otrabalhador/python-testing-by-examples/subscription,https://api.github.com/repos/otrabalhador/python-testing-by-examples/commits{/sha},https://api.github.com/repos/otrabalhador/python-testing-by-examples/git/commits{/sha},https://api.github.com/repos/otrabalhador/python-testing-by-examples/comments{/number},https://api.github.com/repos/otrabalhador/python-testing-by-examples/issues/comments{/number},https://api.github.com/repos/otrabalhador/python-testing-by-examples/contents/{+path},https://api.github.com/repos/otrabalhador/python-testing-by-examples/compare/{base}...{head},https://api.github.com/repos/otrabalhador/python-testing-by-examples/merges,https://api.github.com/repos/otrabalhador/python-testing-by-examples/{archive_format}{/ref},https://api.github.com/repos/otrabalhador/python-testing-by-examples/downloads,https://api.github.com/repos/otrabalhador/python-testing-by-examples/issues{/number},https://api.github.com/repos/otrabalhador/python-testing-by-examples/pulls{/number},https://api.github.com/repos/otrabalhador/python-testing-by-examples/milestones{/number},"https://api.github.com/repos/otrabalhador/python-testing-by-examples/notifications{?since,all,participating}",https://api.github.com/repos/otrabalhador/python-testing-by-examples/labels{/name},https://api.github.com/repos/otrabalhador/python-testing-by-examples/releases{/id},https://api.github.com/repos/otrabalhador/python-testing-by-examples/deployments,2017-09-23T20:29:02Z,2020-05-16T10:23:03Z,2017-10-24T13:29:04Z,git://github.com/otrabalhador/python-testing-by-examples.git,git@github.com:otrabalhador/python-testing-by-examples.git,https://github.com/otrabalhador/python-testing-by-examples.git,https://github.com/otrabalhador/python-testing-by-examples,https://otrabalhador.github.io/python-testing-by-examples,34,16,16,null,true,true,true,true,true,6,null,false,false,0,null,null,null,null,null,6,0,16,master,null
191529732,MDEwOlJlcG9zaXRvcnkxOTE1Mjk3MzI=,javascript-questions,lydiahallie/javascript-questions,false,lydiahallie,29451794,MDQ6VXNlcjI5NDUxNzk0,https://avatars3.githubusercontent.com/u/29451794?v=4,,https://api.github.com/users/lydiahallie,https://github.com/lydiahallie,https://api.github.com/users/lydiahallie/followers,https://api.github.com/users/lydiahallie/following{/other_user},https://api.github.com/users/lydiahallie/gists{/gist_id},https://api.github.com/users/lydiahallie/starred{/owner}{/repo},https://api.github.com/users/lydiahallie/subscriptions,https://api.github.com/users/lydiahallie/orgs,https://api.github.com/users/lydiahallie/repos,https://api.github.com/users/lydiahallie/events{/privacy},https://api.github.com/users/lydiahallie/received_events,User,false,https://github.com/lydiahallie/javascript-questions,"A long list of (advanced) JavaScript questions, and their explanations :sparkles:  ",false,https://api.github.com/repos/lydiahallie/javascript-questions,https://api.github.com/repos/lydiahallie/javascript-questions/forks,https://api.github.com/repos/lydiahallie/javascript-questions/keys{/key_id},https://api.github.com/repos/lydiahallie/javascript-questions/collaborators{/collaborator},https://api.github.com/repos/lydiahallie/javascript-questions/teams,https://api.github.com/repos/lydiahallie/javascript-questions/hooks,https://api.github.com/repos/lydiahallie/javascript-questions/issues/events{/number},https://api.github.com/repos/lydiahallie/javascript-questions/events,https://api.github.com/repos/lydiahallie/javascript-questions/assignees{/user},https://api.github.com/repos/lydiahallie/javascript-questions/branches{/branch},https://api.github.com/repos/lydiahallie/javascript-questions/tags,https://api.github.com/repos/lydiahallie/javascript-questions/git/blobs{/sha},https://api.github.com/repos/lydiahallie/javascript-questions/git/tags{/sha},https://api.github.com/repos/lydiahallie/javascript-questions/git/refs{/sha},https://api.github.com/repos/lydiahallie/javascript-questions/git/trees{/sha},https://api.github.com/repos/lydiahallie/javascript-questions/statuses/{sha},https://api.github.com/repos/lydiahallie/javascript-questions/languages,https://api.github.com/repos/lydiahallie/javascript-questions/stargazers,https://api.github.com/repos/lydiahallie/javascript-questions/contributors,https://api.github.com/repos/lydiahallie/javascript-questions/subscribers,https://api.github.com/repos/lydiahallie/javascript-questions/subscription,https://api.github.com/repos/lydiahallie/javascript-questions/commits{/sha},https://api.github.com/repos/lydiahallie/javascript-questions/git/commits{/sha},https://api.github.com/repos/lydiahallie/javascript-questions/comments{/number},https://api.github.com/repos/lydiahallie/javascript-questions/issues/comments{/number},https://api.github.com/repos/lydiahallie/javascript-questions/contents/{+path},https://api.github.com/repos/lydiahallie/javascript-questions/compare/{base}...{head},https://api.github.com/repos/lydiahallie/javascript-questions/merges,https://api.github.com/repos/lydiahallie/javascript-questions/{archive_format}{/ref},https://api.github.com/repos/lydiahallie/javascript-questions/downloads,https://api.github.com/repos/lydiahallie/javascript-questions/issues{/number},https://api.github.com/repos/lydiahallie/javascript-questions/pulls{/number},https://api.github.com/repos/lydiahallie/javascript-questions/milestones{/number},"https://api.github.com/repos/lydiahallie/javascript-questions/notifications{?since,all,participating}",https://api.github.com/repos/lydiahallie/javascript-questions/labels{/name},https://api.github.com/repos/lydiahallie/javascript-questions/releases{/id},https://api.github.com/repos/lydiahallie/javascript-questions/deployments,2019-06-12T08:26:27Z,2020-07-29T03:50:44Z,2020-07-21T18:00:21Z,git://github.com/lydiahallie/javascript-questions.git,git@github.com:lydiahallie/javascript-questions.git,https://github.com/lydiahallie/javascript-questions.git,https://github.com/lydiahallie/javascript-questions,,2499,21476,21476,null,true,true,true,true,false,2733,null,false,false,73,mit,MIT License,MIT,https://api.github.com/licenses/mit,MDc6TGljZW5zZTEz,2733,73,21476,master,"{""key"":""mit"",""name"":""MIT License"",""spdx_id"":""MIT"",""url"":""https://api.github.com/licenses/mit"",""node_id"":""MDc6TGljZW5zZTEz""}"
8859474,MDEwOlJlcG9zaXRvcnk4ODU5NDc0,jadx,skylot/jadx,false,skylot,118523,MDQ6VXNlcjExODUyMw==,https://avatars3.githubusercontent.com/u/118523?v=4,,https://api.github.com/users/skylot,https://github.com/skylot,https://api.github.com/users/skylot/followers,https://api.github.com/users/skylot/following{/other_user},https://api.github.com/users/skylot/gists{/gist_id},https://api.github.com/users/skylot/starred{/owner}{/repo},https://api.github.com/users/skylot/subscriptions,https://api.github.com/users/skylot/orgs,https://api.github.com/users/skylot/repos,https://api.github.com/users/skylot/events{/privacy},https://api.github.com/users/skylot/received_events,User,false,https://github.com/skylot/jadx,Dex to Java decompiler,false,https://api.github.com/repos/skylot/jadx,https://api.github.com/repos/skylot/jadx/forks,https://api.github.com/repos/skylot/jadx/keys{/key_id},https://api.github.com/repos/skylot/jadx/collaborators{/collaborator},https://api.github.com/repos/skylot/jadx/teams,https://api.github.com/repos/skylot/jadx/hooks,https://api.github.com/repos/skylot/jadx/issues/events{/number},https://api.github.com/repos/skylot/jadx/events,https://api.github.com/repos/skylot/jadx/assignees{/user},https://api.github.com/repos/skylot/jadx/branches{/branch},https://api.github.com/repos/skylot/jadx/tags,https://api.github.com/repos/skylot/jadx/git/blobs{/sha},https://api.github.com/repos/skylot/jadx/git/tags{/sha},https://api.github.com/repos/skylot/jadx/git/refs{/sha},https://api.github.com/repos/skylot/jadx/git/trees{/sha},https://api.github.com/repos/skylot/jadx/statuses/{sha},https://api.github.com/repos/skylot/jadx/languages,https://api.github.com/repos/skylot/jadx/stargazers,https://api.github.com/repos/skylot/jadx/contributors,https://api.github.com/repos/skylot/jadx/subscribers,https://api.github.com/repos/skylot/jadx/subscription,https://api.github.com/repos/skylot/jadx/commits{/sha},https://api.github.com/repos/skylot/jadx/git/commits{/sha},https://api.github.com/repos/skylot/jadx/comments{/number},https://api.github.com/repos/skylot/jadx/issues/comments{/number},https://api.github.com/repos/skylot/jadx/contents/{+path},https://api.github.com/repos/skylot/jadx/compare/{base}...{head},https://api.github.com/repos/skylot/jadx/merges,https://api.github.com/repos/skylot/jadx/{archive_format}{/ref},https://api.github.com/repos/skylot/jadx/downloads,https://api.github.com/repos/skylot/jadx/issues{/number},https://api.github.com/repos/skylot/jadx/pulls{/number},https://api.github.com/repos/skylot/jadx/milestones{/number},"https://api.github.com/repos/skylot/jadx/notifications{?since,all,participating}",https://api.github.com/repos/skylot/jadx/labels{/name},https://api.github.com/repos/skylot/jadx/releases{/id},https://api.github.com/repos/skylot/jadx/deployments,2013-03-18T17:08:21Z,2020-07-29T02:25:18Z,2020-07-20T10:13:07Z,git://github.com/skylot/jadx.git,git@github.com:skylot/jadx.git,https://github.com/skylot/jadx.git,https://github.com/skylot/jadx,,14846,22880,22880,Java,true,true,true,true,false,2728,null,false,false,123,apache-2.0,Apache License 2.0,Apache-2.0,https://api.github.com/licenses/apache-2.0,MDc6TGljZW5zZTI=,2728,123,22880,master,"{""key"":""apache-2.0"",""name"":""Apache License 2.0"",""spdx_id"":""Apache-2.0"",""url"":""https://api.github.com/licenses/apache-2.0"",""node_id"":""MDc6TGljZW5zZTI=""}"
